ISO-10303-21;
HEADER;
/* Generated by software containing ST-Developer
 * from STEP Tools, Inc. (www.steptools.com) 
 */

FILE_DESCRIPTION(
/* description */ (''),
/* implementation_level */ '2;1');

FILE_NAME(
/* name */ 'BSV-011-3D.step',
/* time_stamp */ '2026-09-13T19:02:23+09:00',
/* author */ (''),
/* organization */ (''),
/* preprocessor_version */ 'ST-DEVELOPER v20.1',
/* originating_system */ 'Autodesk Translation Framework v15.8.0.0',
/* authorisation */ '');

FILE_SCHEMA (('AUTOMOTIVE_DESIGN { 1 0 10303 214 3 1 1 }'));
ENDSEC;

DATA;
#10=MECHANICAL_DESIGN_GEOMETRIC_PRESENTATION_REPRESENTATION('',(#74,#75,
#76,#77,#78,#79,#80,#81,#82,#83,#84,#85,#86,#87,#88,#89,#90,#91,#92,#93),
#5173);
#11=ITEM_DEFINED_TRANSFORMATION($,$,#2597,#2893);
#12=ITEM_DEFINED_TRANSFORMATION($,$,#2630,#2894);
#13=ITEM_DEFINED_TRANSFORMATION($,$,#2850,#2895);
#14=(
REPRESENTATION_RELATIONSHIP($,$,#5190,#5189)
REPRESENTATION_RELATIONSHIP_WITH_TRANSFORMATION(#11)
SHAPE_REPRESENTATION_RELATIONSHIP()
);
#15=(
REPRESENTATION_RELATIONSHIP($,$,#5191,#5189)
REPRESENTATION_RELATIONSHIP_WITH_TRANSFORMATION(#12)
SHAPE_REPRESENTATION_RELATIONSHIP()
);
#16=(
REPRESENTATION_RELATIONSHIP($,$,#5192,#5189)
REPRESENTATION_RELATIONSHIP_WITH_TRANSFORMATION(#13)
SHAPE_REPRESENTATION_RELATIONSHIP()
);
#17=CONTEXT_DEPENDENT_SHAPE_REPRESENTATION(#14,#5186);
#18=CONTEXT_DEPENDENT_SHAPE_REPRESENTATION(#15,#5187);
#19=CONTEXT_DEPENDENT_SHAPE_REPRESENTATION(#16,#5188);
#20=NEXT_ASSEMBLY_USAGE_OCCURRENCE('B-horn:1','B-horn:1','B-horn:1',#5194,
#5195,'B-horn:1');
#21=NEXT_ASSEMBLY_USAGE_OCCURRENCE('BSV-011 \X2\BC14B514\X0\:1',
'BSV-011 \X2\BC14B514\X0\:1','BSV-011 \X2\BC14B514\X0\:1',#5194,#5196,
'BSV-011 \X2\BC14B514\X0\:1');
#22=NEXT_ASSEMBLY_USAGE_OCCURRENCE('F-horn:2','F-horn:2','F-horn:2',#5194,
#5197,'F-horn:2');
#23=CONICAL_SURFACE('',#2830,2.6,0.785398163397448);
#24=B_SPLINE_SURFACE_WITH_KNOTS('',3,3,((#4056,#4057,#4058,#4059,#4060,
#4061,#4062,#4063,#4064,#4065),(#4066,#4067,#4068,#4069,#4070,#4071,#4072,
#4073,#4074,#4075),(#4076,#4077,#4078,#4079,#4080,#4081,#4082,#4083,#4084,
#4085),(#4086,#4087,#4088,#4089,#4090,#4091,#4092,#4093,#4094,#4095),(#4096,
#4097,#4098,#4099,#4100,#4101,#4102,#4103,#4104,#4105),(#4106,#4107,#4108,
#4109,#4110,#4111,#4112,#4113,#4114,#4115),(#4116,#4117,#4118,#4119,#4120,
#4121,#4122,#4123,#4124,#4125),(#4126,#4127,#4128,#4129,#4130,#4131,#4132,
#4133,#4134,#4135),(#4136,#4137,#4138,#4139,#4140,#4141,#4142,#4143,#4144,
#4145),(#4146,#4147,#4148,#4149,#4150,#4151,#4152,#4153,#4154,#4155)),
 .UNSPECIFIED.,.F.,.F.,.F.,(4,2,2,2,4),(4,2,2,2,4),(1.570796327,1.963495408,
2.35619449,2.748893572,3.14166600796834),(-7.33539681110499E-5,0.25,0.5,
0.75,1.00007335396834),.UNSPECIFIED.);
#25=B_SPLINE_SURFACE_WITH_KNOTS('',3,3,((#4162,#4163,#4164,#4165,#4166,
#4167,#4168,#4169,#4170,#4171),(#4172,#4173,#4174,#4175,#4176,#4177,#4178,
#4179,#4180,#4181),(#4182,#4183,#4184,#4185,#4186,#4187,#4188,#4189,#4190,
#4191),(#4192,#4193,#4194,#4195,#4196,#4197,#4198,#4199,#4200,#4201),(#4202,
#4203,#4204,#4205,#4206,#4207,#4208,#4209,#4210,#4211),(#4212,#4213,#4214,
#4215,#4216,#4217,#4218,#4219,#4220,#4221),(#4222,#4223,#4224,#4225,#4226,
#4227,#4228,#4229,#4230,#4231),(#4232,#4233,#4234,#4235,#4236,#4237,#4238,
#4239,#4240,#4241),(#4242,#4243,#4244,#4245,#4246,#4247,#4248,#4249,#4250,
#4251),(#4252,#4253,#4254,#4255,#4256,#4257,#4258,#4259,#4260,#4261)),
 .UNSPECIFIED.,.F.,.F.,.F.,(4,2,2,2,4),(4,2,2,2,4),(-7.33539446201396E-5,
0.392699082,0.785398163,1.178097245,1.570796327),(-7.33539445748649E-5,
0.25,0.5,0.75,1.00007335394462),.UNSPECIFIED.);
#26=B_SPLINE_SURFACE_WITH_KNOTS('',3,3,((#4334,#4335,#4336,#4337,#4338,
#4339,#4340,#4341,#4342,#4343),(#4344,#4345,#4346,#4347,#4348,#4349,#4350,
#4351,#4352,#4353),(#4354,#4355,#4356,#4357,#4358,#4359,#4360,#4361,#4362,
#4363),(#4364,#4365,#4366,#4367,#4368,#4369,#4370,#4371,#4372,#4373),(#4374,
#4375,#4376,#4377,#4378,#4379,#4380,#4381,#4382,#4383),(#4384,#4385,#4386,
#4387,#4388,#4389,#4390,#4391,#4392,#4393),(#4394,#4395,#4396,#4397,#4398,
#4399,#4400,#4401,#4402,#4403),(#4404,#4405,#4406,#4407,#4408,#4409,#4410,
#4411,#4412,#4413),(#4414,#4415,#4416,#4417,#4418,#4419,#4420,#4421,#4422,
#4423),(#4424,#4425,#4426,#4427,#4428,#4429,#4430,#4431,#4432,#4433)),
 .UNSPECIFIED.,.F.,.F.,.F.,(4,2,2,2,4),(4,2,2,2,4),(1.570796327,1.963495408,
2.35619449,2.748893572,3.14166600796826),(-7.33539682594058E-5,0.25,0.5,
0.75,1.00007335396818),.UNSPECIFIED.);
#27=B_SPLINE_SURFACE_WITH_KNOTS('',3,3,((#4550,#4551,#4552,#4553,#4554,
#4555,#4556,#4557,#4558,#4559),(#4560,#4561,#4562,#4563,#4564,#4565,#4566,
#4567,#4568,#4569),(#4570,#4571,#4572,#4573,#4574,#4575,#4576,#4577,#4578,
#4579),(#4580,#4581,#4582,#4583,#4584,#4585,#4586,#4587,#4588,#4589),(#4590,
#4591,#4592,#4593,#4594,#4595,#4596,#4597,#4598,#4599),(#4600,#4601,#4602,
#4603,#4604,#4605,#4606,#4607,#4608,#4609),(#4610,#4611,#4612,#4613,#4614,
#4615,#4616,#4617,#4618,#4619),(#4620,#4621,#4622,#4623,#4624,#4625,#4626,
#4627,#4628,#4629),(#4630,#4631,#4632,#4633,#4634,#4635,#4636,#4637,#4638,
#4639),(#4640,#4641,#4642,#4643,#4644,#4645,#4646,#4647,#4648,#4649)),
 .UNSPECIFIED.,.F.,.F.,.F.,(4,2,2,2,4),(4,2,2,2,4),(1.570796327,1.963495408,
2.35619449,2.748893572,3.14166600796834),(-7.33539683362282E-5,0.25,0.5,
0.75,1.00007335396808),.UNSPECIFIED.);
#28=B_SPLINE_SURFACE_WITH_KNOTS('',3,3,((#4656,#4657,#4658,#4659,#4660,
#4661,#4662,#4663,#4664,#4665),(#4666,#4667,#4668,#4669,#4670,#4671,#4672,
#4673,#4674,#4675),(#4676,#4677,#4678,#4679,#4680,#4681,#4682,#4683,#4684,
#4685),(#4686,#4687,#4688,#4689,#4690,#4691,#4692,#4693,#4694,#4695),(#4696,
#4697,#4698,#4699,#4700,#4701,#4702,#4703,#4704,#4705),(#4706,#4707,#4708,
#4709,#4710,#4711,#4712,#4713,#4714,#4715),(#4716,#4717,#4718,#4719,#4720,
#4721,#4722,#4723,#4724,#4725),(#4726,#4727,#4728,#4729,#4730,#4731,#4732,
#4733,#4734,#4735),(#4736,#4737,#4738,#4739,#4740,#4741,#4742,#4743,#4744,
#4745),(#4746,#4747,#4748,#4749,#4750,#4751,#4752,#4753,#4754,#4755)),
 .UNSPECIFIED.,.F.,.F.,.F.,(4,2,2,2,4),(4,2,2,2,4),(-7.33539446209849E-5,
0.392699082,0.785398163,1.178097245,1.570796327),(-7.33539446090914E-5,
0.25,0.5,0.75,1.00007335394462),.UNSPECIFIED.);
#29=B_SPLINE_SURFACE_WITH_KNOTS('',3,3,((#4828,#4829,#4830,#4831,#4832,
#4833,#4834,#4835,#4836,#4837),(#4838,#4839,#4840,#4841,#4842,#4843,#4844,
#4845,#4846,#4847),(#4848,#4849,#4850,#4851,#4852,#4853,#4854,#4855,#4856,
#4857),(#4858,#4859,#4860,#4861,#4862,#4863,#4864,#4865,#4866,#4867),(#4868,
#4869,#4870,#4871,#4872,#4873,#4874,#4875,#4876,#4877),(#4878,#4879,#4880,
#4881,#4882,#4883,#4884,#4885,#4886,#4887),(#4888,#4889,#4890,#4891,#4892,
#4893,#4894,#4895,#4896,#4897),(#4898,#4899,#4900,#4901,#4902,#4903,#4904,
#4905,#4906,#4907),(#4908,#4909,#4910,#4911,#4912,#4913,#4914,#4915,#4916,
#4917),(#4918,#4919,#4920,#4921,#4922,#4923,#4924,#4925,#4926,#4927)),
 .UNSPECIFIED.,.F.,.F.,.F.,(4,2,2,2,4),(4,2,2,2,4),(1.570796327,1.963495408,
2.35619449,2.748893572,3.14166600796826),(-7.33539681487291E-5,0.25,0.5,
0.75,1.00007335396826),.UNSPECIFIED.);
#30=(
BOUNDED_SURFACE()
B_SPLINE_SURFACE(2,2,((#4007,#4008,#4009),(#4010,#4011,#4012),(#4013,#4014,
#4015)),.UNSPECIFIED.,.F.,.F.,.F.)
B_SPLINE_SURFACE_WITH_KNOTS((3,3),(3,3),(0.,1.57079632679492),(-1.5707963267949,
0.),.UNSPECIFIED.)
GEOMETRIC_REPRESENTATION_ITEM()
RATIONAL_B_SPLINE_SURFACE(((1.,0.707106781186548,1.),(0.707106781186418,
0.499999999999909,0.707106781186418),(1.,0.707106781186548,1.)))
REPRESENTATION_ITEM('')
SURFACE()
);
#31=(
BOUNDED_SURFACE()
B_SPLINE_SURFACE(2,2,((#4018,#4019,#4020),(#4021,#4022,#4023),(#4024,#4025,
#4026)),.UNSPECIFIED.,.F.,.F.,.F.)
B_SPLINE_SURFACE_WITH_KNOTS((3,3),(3,3),(0.,1.57079632679492),(-3.14159265358979,
-1.5707963267949),.UNSPECIFIED.)
GEOMETRIC_REPRESENTATION_ITEM()
RATIONAL_B_SPLINE_SURFACE(((1.,0.707106781186548,1.),(0.707106781186418,
0.499999999999909,0.707106781186418),(1.,0.707106781186548,1.)))
REPRESENTATION_ITEM('')
SURFACE()
);
#32=(
BOUNDED_SURFACE()
B_SPLINE_SURFACE(2,2,((#4501,#4502,#4503),(#4504,#4505,#4506),(#4507,#4508,
#4509)),.UNSPECIFIED.,.F.,.F.,.F.)
B_SPLINE_SURFACE_WITH_KNOTS((3,3),(3,3),(0.,1.57079632679492),(0.,1.5707963267949),
 .UNSPECIFIED.)
GEOMETRIC_REPRESENTATION_ITEM()
RATIONAL_B_SPLINE_SURFACE(((1.,0.707106781186548,1.),(0.707106781186418,
0.499999999999909,0.707106781186418),(1.,0.707106781186548,1.)))
REPRESENTATION_ITEM('')
SURFACE()
);
#33=(
BOUNDED_SURFACE()
B_SPLINE_SURFACE(2,2,((#4512,#4513,#4514),(#4515,#4516,#4517),(#4518,#4519,
#4520)),.UNSPECIFIED.,.F.,.F.,.F.)
B_SPLINE_SURFACE_WITH_KNOTS((3,3),(3,3),(0.,1.57079632679492),(1.5707963267949,
3.14159265358979),.UNSPECIFIED.)
GEOMETRIC_REPRESENTATION_ITEM()
RATIONAL_B_SPLINE_SURFACE(((1.,0.707106781186548,1.),(0.707106781186418,
0.499999999999909,0.707106781186418),(1.,0.707106781186548,1.)))
REPRESENTATION_ITEM('')
SURFACE()
);
#34=(
BOUNDED_SURFACE()
B_SPLINE_SURFACE(2,2,((#4957,#4958,#4959),(#4960,#4961,#4962),(#4963,#4964,
#4965)),.UNSPECIFIED.,.F.,.F.,.F.)
B_SPLINE_SURFACE_WITH_KNOTS((3,3),(3,3),(0.,1.57079632679492),(0.,1.5707963267949),
 .UNSPECIFIED.)
GEOMETRIC_REPRESENTATION_ITEM()
RATIONAL_B_SPLINE_SURFACE(((1.,0.707106781186548,1.),(0.707106781186562,
0.50000000000001,0.707106781186562),(1.,0.707106781186548,1.)))
REPRESENTATION_ITEM('')
SURFACE()
);
#35=(
BOUNDED_SURFACE()
B_SPLINE_SURFACE(2,2,((#4969,#4970,#4971),(#4972,#4973,#4974),(#4975,#4976,
#4977)),.UNSPECIFIED.,.F.,.F.,.F.)
B_SPLINE_SURFACE_WITH_KNOTS((3,3),(3,3),(0.,1.57079632679492),(-1.5707963267949,
0.),.UNSPECIFIED.)
GEOMETRIC_REPRESENTATION_ITEM()
RATIONAL_B_SPLINE_SURFACE(((1.,0.707106781186548,1.),(0.707106781186562,
0.50000000000001,0.707106781186562),(1.,0.707106781186548,1.)))
REPRESENTATION_ITEM('')
SURFACE()
);
#36=(
BOUNDED_SURFACE()
B_SPLINE_SURFACE(2,2,((#5011,#5012,#5013),(#5014,#5015,#5016),(#5017,#5018,
#5019)),.UNSPECIFIED.,.F.,.F.,.F.)
B_SPLINE_SURFACE_WITH_KNOTS((3,3),(3,3),(0.,1.57079632679492),(-1.5707963267949,
0.),.UNSPECIFIED.)
GEOMETRIC_REPRESENTATION_ITEM()
RATIONAL_B_SPLINE_SURFACE(((1.,0.707106781186548,1.),(0.707106781186533,
0.49999999999999,0.707106781186533),(1.,0.707106781186548,1.)))
REPRESENTATION_ITEM('')
SURFACE()
);
#37=(
BOUNDED_SURFACE()
B_SPLINE_SURFACE(2,2,((#5020,#5021,#5022),(#5023,#5024,#5025),(#5026,#5027,
#5028)),.UNSPECIFIED.,.F.,.F.,.F.)
B_SPLINE_SURFACE_WITH_KNOTS((3,3),(3,3),(0.,1.57079632679492),(0.,1.5707963267949),
 .UNSPECIFIED.)
GEOMETRIC_REPRESENTATION_ITEM()
RATIONAL_B_SPLINE_SURFACE(((1.,0.707106781186548,1.),(0.707106781186533,
0.49999999999999,0.707106781186533),(1.,0.707106781186548,1.)))
REPRESENTATION_ITEM('')
SURFACE()
);
#38=B_SPLINE_CURVE_WITH_KNOTS('',3,(#3948,#3949,#3950,#3951,#3952,#3953,
#3954,#3955,#3956,#3957),.UNSPECIFIED.,.F.,.F.,(4,2,2,2,4),(0.,0.0230777842810586,
0.0461555685621172,0.0617925062444054,0.0774294439266936),.UNSPECIFIED.);
#39=B_SPLINE_CURVE_WITH_KNOTS('',3,(#3976,#3977,#3978,#3979,#3980,#3981,
#3982,#3983,#3984,#3985),.UNSPECIFIED.,.F.,.F.,(4,2,2,2,4),(-0.0774294439266936,
-0.0617925062444054,-0.0461555685621172,-0.0230777842810586,0.),
 .UNSPECIFIED.);
#40=B_SPLINE_CURVE_WITH_KNOTS('',3,(#4282,#4283,#4284,#4285,#4286,#4287,
#4288,#4289,#4290,#4291),.UNSPECIFIED.,.F.,.F.,(4,2,2,2,4),(0.,0.0230777842784171,
0.0461555685568343,0.0617925062373308,0.0774294439178274),.UNSPECIFIED.);
#41=B_SPLINE_CURVE_WITH_KNOTS('',3,(#4299,#4300,#4301,#4302,#4303,#4304,
#4305,#4306,#4307,#4308),.UNSPECIFIED.,.F.,.F.,(4,2,2,2,4),(-0.0774294439267041,
-0.0617925062444139,-0.0461555685621238,-0.0230777842810619,0.),
 .UNSPECIFIED.);
#42=B_SPLINE_CURVE_WITH_KNOTS('',3,(#4310,#4311,#4312,#4313,#4314,#4315,
#4316,#4317,#4318,#4319),.UNSPECIFIED.,.F.,.F.,(4,2,2,2,4),(-0.0774294439266939,
-0.0617925062444055,-0.0461555685621171,-0.0230777842810585,0.),
 .UNSPECIFIED.);
#43=B_SPLINE_CURVE_WITH_KNOTS('',3,(#4442,#4443,#4444,#4445,#4446,#4447,
#4448,#4449,#4450,#4451),.UNSPECIFIED.,.F.,.F.,(4,2,2,2,4),(-0.278546286983812,
-0.255468502702753,-0.232390718421693,-0.216753780739405,-0.201116843057116),
 .UNSPECIFIED.);
#44=B_SPLINE_CURVE_WITH_KNOTS('',3,(#4475,#4476,#4477,#4478,#4479,#4480,
#4481,#4482,#4483,#4484),.UNSPECIFIED.,.F.,.F.,(4,2,2,2,4),(0.201116843057116,
0.216753780739405,0.232390718421693,0.255468502702753,0.278546286983812),
 .UNSPECIFIED.);
#45=B_SPLINE_CURVE_WITH_KNOTS('',3,(#4776,#4777,#4778,#4779,#4780,#4781,
#4782,#4783,#4784,#4785),.UNSPECIFIED.,.F.,.F.,(4,2,2,2,4),(-0.278546286983816,
-0.255468502705399,-0.232390718426981,-0.216753780746485,-0.201116843065988),
 .UNSPECIFIED.);
#46=B_SPLINE_CURVE_WITH_KNOTS('',3,(#4793,#4794,#4795,#4796,#4797,#4798,
#4799,#4800,#4801,#4802),.UNSPECIFIED.,.F.,.F.,(4,2,2,2,4),(0.201116843057108,
0.216753780739398,0.232390718421688,0.25546850270275,0.278546286983812),
 .UNSPECIFIED.);
#47=B_SPLINE_CURVE_WITH_KNOTS('',3,(#4804,#4805,#4806,#4807,#4808,#4809,
#4810,#4811,#4812,#4813),.UNSPECIFIED.,.F.,.F.,(4,2,2,2,4),(0.201116843057119,
0.216753780739408,0.232390718421696,0.255468502702755,0.278546286983813),
 .UNSPECIFIED.);
#48=TOROIDAL_SURFACE('',#2683,4.9,0.5);
#49=TOROIDAL_SURFACE('',#2734,2.5,0.5);
#50=TOROIDAL_SURFACE('',#2740,2.5,0.5);
#51=TOROIDAL_SURFACE('',#2796,2.5,0.5);
#52=TOROIDAL_SURFACE('',#2802,2.5,0.5);
#53=ELLIPSE('',#2662,0.509901951,0.5);
#54=ELLIPSE('',#2663,0.509901951,0.5);
#55=ELLIPSE('',#2712,0.509901951,0.5);
#56=ELLIPSE('',#2713,0.509901951,0.5);
#57=ELLIPSE('',#2715,0.509901951,0.5);
#58=ELLIPSE('',#2716,0.509901951,0.5);
#59=ELLIPSE('',#2743,0.509901951,0.5);
#60=ELLIPSE('',#2774,0.509901951,0.5);
#61=ELLIPSE('',#2775,0.509901951,0.5);
#62=ELLIPSE('',#2777,0.509901951,0.5);
#63=ELLIPSE('',#2778,0.509901951,0.5);
#64=ELLIPSE('',#2805,0.509901951,0.5);
#65=SHAPE_REPRESENTATION_RELATIONSHIP('SRR','None',#5190,#68);
#66=SHAPE_REPRESENTATION_RELATIONSHIP('SRR','None',#5191,#69);
#67=SHAPE_REPRESENTATION_RELATIONSHIP('SRR','None',#5192,#70);
#68=ADVANCED_BREP_SHAPE_REPRESENTATION('',(#71),#5170);
#69=ADVANCED_BREP_SHAPE_REPRESENTATION('',(#72),#5171);
#70=ADVANCED_BREP_SHAPE_REPRESENTATION('',(#73),#5172);
#71=MANIFOLD_SOLID_BREP('\X2\BCF8CCB4\X0\1',#2559);
#72=MANIFOLD_SOLID_BREP('\X2\BCF8CCB4\X0\1',#2560);
#73=MANIFOLD_SOLID_BREP('\X2\BCF8CCB4\X0\1',#2561);
#74=STYLED_ITEM('',(#5215),#2410);
#75=STYLED_ITEM('',(#5215),#2411);
#76=STYLED_ITEM('',(#5215),#2412);
#77=STYLED_ITEM('',(#5215),#2413);
#78=STYLED_ITEM('',(#5215),#2414);
#79=STYLED_ITEM('',(#5215),#2415);
#80=STYLED_ITEM('',(#5215),#2416);
#81=STYLED_ITEM('',(#5215),#2417);
#82=STYLED_ITEM('',(#5215),#2418);
#83=STYLED_ITEM('',(#5214),#71);
#84=STYLED_ITEM('',(#5216),#72);
#85=STYLED_ITEM('',(#5215),#2551);
#86=STYLED_ITEM('',(#5215),#2552);
#87=STYLED_ITEM('',(#5215),#2553);
#88=STYLED_ITEM('',(#5215),#2554);
#89=STYLED_ITEM('',(#5215),#2555);
#90=STYLED_ITEM('',(#5215),#2556);
#91=STYLED_ITEM('',(#5215),#2557);
#92=STYLED_ITEM('',(#5215),#2558);
#93=STYLED_ITEM('',(#5214),#73);
#94=FACE_BOUND('',#506,.T.);
#95=FACE_BOUND('',#515,.T.);
#96=FACE_BOUND('',#516,.T.);
#97=FACE_BOUND('',#517,.T.);
#98=FACE_BOUND('',#518,.T.);
#99=FACE_BOUND('',#519,.T.);
#100=FACE_BOUND('',#521,.T.);
#101=FACE_BOUND('',#522,.T.);
#102=FACE_BOUND('',#523,.T.);
#103=FACE_BOUND('',#524,.T.);
#104=FACE_BOUND('',#525,.T.);
#105=FACE_BOUND('',#540,.T.);
#106=FACE_BOUND('',#541,.T.);
#107=FACE_BOUND('',#542,.T.);
#108=FACE_BOUND('',#543,.T.);
#109=FACE_BOUND('',#544,.T.);
#110=FACE_BOUND('',#547,.T.);
#111=FACE_BOUND('',#556,.T.);
#112=FACE_BOUND('',#560,.T.);
#113=FACE_BOUND('',#594,.T.);
#114=FACE_BOUND('',#598,.T.);
#115=FACE_BOUND('',#630,.T.);
#116=FACE_BOUND('',#635,.T.);
#117=FACE_BOUND('',#646,.T.);
#118=FACE_BOUND('',#647,.T.);
#119=FACE_BOUND('',#648,.T.);
#120=FACE_BOUND('',#664,.T.);
#121=FACE_BOUND('',#665,.T.);
#122=FACE_BOUND('',#666,.T.);
#123=FACE_BOUND('',#667,.T.);
#124=FACE_BOUND('',#668,.T.);
#125=FACE_BOUND('',#678,.T.);
#126=FACE_BOUND('',#681,.T.);
#127=FACE_BOUND('',#688,.T.);
#128=FACE_BOUND('',#689,.T.);
#129=FACE_BOUND('',#690,.T.);
#130=FACE_BOUND('',#691,.T.);
#131=FACE_BOUND('',#692,.T.);
#132=CIRCLE('',#2606,2.7);
#133=CIRCLE('',#2607,2.7);
#134=CIRCLE('',#2610,4.5);
#135=CIRCLE('',#2611,4.5);
#136=CIRCLE('',#2614,1.5);
#137=CIRCLE('',#2615,1.5);
#138=CIRCLE('',#2617,1.5);
#139=CIRCLE('',#2618,1.5);
#140=CIRCLE('',#2620,1.5);
#141=CIRCLE('',#2621,1.5);
#142=CIRCLE('',#2623,1.5);
#143=CIRCLE('',#2624,1.5);
#144=CIRCLE('',#2626,10.);
#145=CIRCLE('',#2627,10.);
#146=CIRCLE('',#2632,1.40000000000001);
#147=CIRCLE('',#2633,1.40000000000001);
#148=CIRCLE('',#2636,1.39999999999997);
#149=CIRCLE('',#2637,1.39999999999997);
#150=CIRCLE('',#2640,1.15);
#151=CIRCLE('',#2641,1.15);
#152=CIRCLE('',#2643,1.15);
#153=CIRCLE('',#2644,1.15);
#154=CIRCLE('',#2646,1.15);
#155=CIRCLE('',#2647,1.15);
#156=CIRCLE('',#2649,1.15);
#157=CIRCLE('',#2650,1.15);
#158=CIRCLE('',#2652,0.3);
#159=CIRCLE('',#2653,0.3);
#160=CIRCLE('',#2654,0.3);
#161=CIRCLE('',#2655,0.3);
#162=CIRCLE('',#2659,1.4);
#163=CIRCLE('',#2660,1.4);
#164=CIRCLE('',#2665,2.5);
#165=CIRCLE('',#2666,2.5);
#166=CIRCLE('',#2667,2.5);
#167=CIRCLE('',#2668,2.5);
#168=CIRCLE('',#2669,1.4);
#169=CIRCLE('',#2670,1.4);
#170=CIRCLE('',#2671,4.9);
#171=CIRCLE('',#2672,0.3);
#172=CIRCLE('',#2673,0.3);
#173=CIRCLE('',#2674,0.3);
#174=CIRCLE('',#2675,0.3);
#175=CIRCLE('',#2677,0.5);
#176=CIRCLE('',#2678,0.5);
#177=CIRCLE('',#2682,4.4);
#178=CIRCLE('',#2684,0.5);
#179=CIRCLE('',#2686,0.4);
#180=CIRCLE('',#2688,0.5);
#181=CIRCLE('',#2689,0.5);
#182=CIRCLE('',#2691,0.5);
#183=CIRCLE('',#2692,0.5);
#184=CIRCLE('',#2694,0.4);
#185=CIRCLE('',#2696,0.5);
#186=CIRCLE('',#2697,2.);
#187=CIRCLE('',#2698,0.5);
#188=CIRCLE('',#2699,1.);
#189=CIRCLE('',#2700,0.5);
#190=CIRCLE('',#2701,1.);
#191=CIRCLE('',#2702,0.5);
#192=CIRCLE('',#2704,2.);
#193=CIRCLE('',#2706,1.4);
#194=CIRCLE('',#2708,0.5);
#195=CIRCLE('',#2710,2.);
#196=CIRCLE('',#2718,2.);
#197=CIRCLE('',#2720,0.5);
#198=CIRCLE('',#2723,0.4);
#199=CIRCLE('',#2726,1.);
#200=CIRCLE('',#2728,1.);
#201=CIRCLE('',#2733,0.5);
#202=CIRCLE('',#2735,0.5);
#203=CIRCLE('',#2739,0.5);
#204=CIRCLE('',#2741,0.5);
#205=CIRCLE('',#2748,0.4);
#206=CIRCLE('',#2750,0.5);
#207=CIRCLE('',#2751,0.5);
#208=CIRCLE('',#2753,0.5);
#209=CIRCLE('',#2754,0.5);
#210=CIRCLE('',#2756,0.4);
#211=CIRCLE('',#2758,0.5);
#212=CIRCLE('',#2759,2.);
#213=CIRCLE('',#2760,0.5);
#214=CIRCLE('',#2761,1.);
#215=CIRCLE('',#2762,0.5);
#216=CIRCLE('',#2763,0.5);
#217=CIRCLE('',#2764,1.);
#218=CIRCLE('',#2766,2.);
#219=CIRCLE('',#2768,1.4);
#220=CIRCLE('',#2770,0.5);
#221=CIRCLE('',#2772,2.);
#222=CIRCLE('',#2780,2.);
#223=CIRCLE('',#2782,0.5);
#224=CIRCLE('',#2785,0.4);
#225=CIRCLE('',#2788,1.);
#226=CIRCLE('',#2790,1.);
#227=CIRCLE('',#2795,0.5);
#228=CIRCLE('',#2797,0.5);
#229=CIRCLE('',#2801,0.5);
#230=CIRCLE('',#2803,0.5);
#231=CIRCLE('',#2810,1.);
#232=CIRCLE('',#2812,1.);
#233=CIRCLE('',#2816,1.);
#234=CIRCLE('',#2818,1.);
#235=CIRCLE('',#2822,0.5);
#236=CIRCLE('',#2823,0.5);
#237=CIRCLE('',#2824,0.5);
#238=CIRCLE('',#2825,0.5);
#239=CIRCLE('',#2826,0.5);
#240=CIRCLE('',#2827,0.5);
#241=CIRCLE('',#2829,2.);
#242=CIRCLE('',#2831,2.);
#243=CIRCLE('',#2832,2.6);
#244=CIRCLE('',#2833,2.);
#245=CIRCLE('',#2836,0.5);
#246=CIRCLE('',#2838,0.5);
#247=CIRCLE('',#2840,0.5);
#248=CIRCLE('',#2841,0.5);
#249=CIRCLE('',#2843,0.5);
#250=CIRCLE('',#2844,0.5);
#251=CIRCLE('',#2852,2.7);
#252=CIRCLE('',#2853,2.7);
#253=CIRCLE('',#2859,10.);
#254=CIRCLE('',#2861,10.);
#255=CIRCLE('',#2862,10.);
#256=CIRCLE('',#2863,1.5);
#257=CIRCLE('',#2864,1.5);
#258=CIRCLE('',#2865,4.5);
#259=CIRCLE('',#2866,1.5);
#260=CIRCLE('',#2867,1.5);
#261=CIRCLE('',#2876,2.7);
#262=CIRCLE('',#2877,2.7);
#263=CIRCLE('',#2880,4.5);
#264=CIRCLE('',#2883,1.5);
#265=CIRCLE('',#2885,1.5);
#266=CIRCLE('',#2887,1.5);
#267=CIRCLE('',#2889,1.5);
#268=CIRCLE('',#2891,10.);
#269=CYLINDRICAL_SURFACE('',#2605,2.7);
#270=CYLINDRICAL_SURFACE('',#2609,4.5);
#271=CYLINDRICAL_SURFACE('',#2613,1.5);
#272=CYLINDRICAL_SURFACE('',#2616,1.5);
#273=CYLINDRICAL_SURFACE('',#2619,1.5);
#274=CYLINDRICAL_SURFACE('',#2622,1.5);
#275=CYLINDRICAL_SURFACE('',#2625,10.);
#276=CYLINDRICAL_SURFACE('',#2631,1.40000000000001);
#277=CYLINDRICAL_SURFACE('',#2635,1.39999999999997);
#278=CYLINDRICAL_SURFACE('',#2639,1.15);
#279=CYLINDRICAL_SURFACE('',#2642,1.15);
#280=CYLINDRICAL_SURFACE('',#2645,1.15);
#281=CYLINDRICAL_SURFACE('',#2648,1.15);
#282=CYLINDRICAL_SURFACE('',#2658,1.4);
#283=CYLINDRICAL_SURFACE('',#2661,0.5);
#284=CYLINDRICAL_SURFACE('',#2685,0.4);
#285=CYLINDRICAL_SURFACE('',#2687,0.5);
#286=CYLINDRICAL_SURFACE('',#2690,0.5);
#287=CYLINDRICAL_SURFACE('',#2693,0.4);
#288=CYLINDRICAL_SURFACE('',#2709,2.);
#289=CYLINDRICAL_SURFACE('',#2717,2.);
#290=CYLINDRICAL_SURFACE('',#2722,0.4);
#291=CYLINDRICAL_SURFACE('',#2724,0.5);
#292=CYLINDRICAL_SURFACE('',#2725,1.);
#293=CYLINDRICAL_SURFACE('',#2727,1.);
#294=CYLINDRICAL_SURFACE('',#2729,0.5);
#295=CYLINDRICAL_SURFACE('',#2730,0.4);
#296=CYLINDRICAL_SURFACE('',#2731,1.4);
#297=CYLINDRICAL_SURFACE('',#2732,0.5);
#298=CYLINDRICAL_SURFACE('',#2736,0.5);
#299=CYLINDRICAL_SURFACE('',#2737,0.5);
#300=CYLINDRICAL_SURFACE('',#2738,0.5);
#301=CYLINDRICAL_SURFACE('',#2742,0.5);
#302=CYLINDRICAL_SURFACE('',#2744,0.3);
#303=CYLINDRICAL_SURFACE('',#2746,0.3);
#304=CYLINDRICAL_SURFACE('',#2747,0.4);
#305=CYLINDRICAL_SURFACE('',#2749,0.5);
#306=CYLINDRICAL_SURFACE('',#2752,0.5);
#307=CYLINDRICAL_SURFACE('',#2755,0.4);
#308=CYLINDRICAL_SURFACE('',#2771,2.);
#309=CYLINDRICAL_SURFACE('',#2779,2.);
#310=CYLINDRICAL_SURFACE('',#2784,0.4);
#311=CYLINDRICAL_SURFACE('',#2786,0.5);
#312=CYLINDRICAL_SURFACE('',#2787,1.);
#313=CYLINDRICAL_SURFACE('',#2789,1.);
#314=CYLINDRICAL_SURFACE('',#2791,0.5);
#315=CYLINDRICAL_SURFACE('',#2792,0.4);
#316=CYLINDRICAL_SURFACE('',#2793,1.4);
#317=CYLINDRICAL_SURFACE('',#2794,0.5);
#318=CYLINDRICAL_SURFACE('',#2798,0.5);
#319=CYLINDRICAL_SURFACE('',#2799,0.5);
#320=CYLINDRICAL_SURFACE('',#2800,0.5);
#321=CYLINDRICAL_SURFACE('',#2804,0.5);
#322=CYLINDRICAL_SURFACE('',#2806,0.3);
#323=CYLINDRICAL_SURFACE('',#2808,0.3);
#324=CYLINDRICAL_SURFACE('',#2811,1.);
#325=CYLINDRICAL_SURFACE('',#2817,1.);
#326=CYLINDRICAL_SURFACE('',#2821,0.5);
#327=CYLINDRICAL_SURFACE('',#2834,2.);
#328=CYLINDRICAL_SURFACE('',#2835,0.5);
#329=CYLINDRICAL_SURFACE('',#2837,0.5);
#330=CYLINDRICAL_SURFACE('',#2842,0.5);
#331=CYLINDRICAL_SURFACE('',#2851,2.7);
#332=CYLINDRICAL_SURFACE('',#2875,2.7);
#333=CYLINDRICAL_SURFACE('',#2879,4.5);
#334=CYLINDRICAL_SURFACE('',#2882,1.5);
#335=CYLINDRICAL_SURFACE('',#2884,1.5);
#336=CYLINDRICAL_SURFACE('',#2886,1.5);
#337=CYLINDRICAL_SURFACE('',#2888,1.5);
#338=CYLINDRICAL_SURFACE('',#2890,10.);
#339=FACE_OUTER_BOUND('',#497,.T.);
#340=FACE_OUTER_BOUND('',#498,.T.);
#341=FACE_OUTER_BOUND('',#499,.T.);
#342=FACE_OUTER_BOUND('',#500,.T.);
#343=FACE_OUTER_BOUND('',#501,.T.);
#344=FACE_OUTER_BOUND('',#502,.T.);
#345=FACE_OUTER_BOUND('',#503,.T.);
#346=FACE_OUTER_BOUND('',#504,.T.);
#347=FACE_OUTER_BOUND('',#505,.T.);
#348=FACE_OUTER_BOUND('',#507,.T.);
#349=FACE_OUTER_BOUND('',#508,.T.);
#350=FACE_OUTER_BOUND('',#509,.T.);
#351=FACE_OUTER_BOUND('',#510,.T.);
#352=FACE_OUTER_BOUND('',#511,.T.);
#353=FACE_OUTER_BOUND('',#512,.T.);
#354=FACE_OUTER_BOUND('',#513,.T.);
#355=FACE_OUTER_BOUND('',#514,.T.);
#356=FACE_OUTER_BOUND('',#520,.T.);
#357=FACE_OUTER_BOUND('',#526,.T.);
#358=FACE_OUTER_BOUND('',#527,.T.);
#359=FACE_OUTER_BOUND('',#528,.T.);
#360=FACE_OUTER_BOUND('',#529,.T.);
#361=FACE_OUTER_BOUND('',#530,.T.);
#362=FACE_OUTER_BOUND('',#531,.T.);
#363=FACE_OUTER_BOUND('',#532,.T.);
#364=FACE_OUTER_BOUND('',#533,.T.);
#365=FACE_OUTER_BOUND('',#534,.T.);
#366=FACE_OUTER_BOUND('',#535,.T.);
#367=FACE_OUTER_BOUND('',#536,.T.);
#368=FACE_OUTER_BOUND('',#537,.T.);
#369=FACE_OUTER_BOUND('',#538,.T.);
#370=FACE_OUTER_BOUND('',#539,.T.);
#371=FACE_OUTER_BOUND('',#545,.T.);
#372=FACE_OUTER_BOUND('',#546,.T.);
#373=FACE_OUTER_BOUND('',#548,.T.);
#374=FACE_OUTER_BOUND('',#549,.T.);
#375=FACE_OUTER_BOUND('',#550,.T.);
#376=FACE_OUTER_BOUND('',#551,.T.);
#377=FACE_OUTER_BOUND('',#552,.T.);
#378=FACE_OUTER_BOUND('',#553,.T.);
#379=FACE_OUTER_BOUND('',#554,.T.);
#380=FACE_OUTER_BOUND('',#555,.T.);
#381=FACE_OUTER_BOUND('',#557,.T.);
#382=FACE_OUTER_BOUND('',#558,.T.);
#383=FACE_OUTER_BOUND('',#559,.T.);
#384=FACE_OUTER_BOUND('',#561,.T.);
#385=FACE_OUTER_BOUND('',#562,.T.);
#386=FACE_OUTER_BOUND('',#563,.T.);
#387=FACE_OUTER_BOUND('',#564,.T.);
#388=FACE_OUTER_BOUND('',#565,.T.);
#389=FACE_OUTER_BOUND('',#566,.T.);
#390=FACE_OUTER_BOUND('',#567,.T.);
#391=FACE_OUTER_BOUND('',#568,.T.);
#392=FACE_OUTER_BOUND('',#569,.T.);
#393=FACE_OUTER_BOUND('',#570,.T.);
#394=FACE_OUTER_BOUND('',#571,.T.);
#395=FACE_OUTER_BOUND('',#572,.T.);
#396=FACE_OUTER_BOUND('',#573,.T.);
#397=FACE_OUTER_BOUND('',#574,.T.);
#398=FACE_OUTER_BOUND('',#575,.T.);
#399=FACE_OUTER_BOUND('',#576,.T.);
#400=FACE_OUTER_BOUND('',#577,.T.);
#401=FACE_OUTER_BOUND('',#578,.T.);
#402=FACE_OUTER_BOUND('',#579,.T.);
#403=FACE_OUTER_BOUND('',#580,.T.);
#404=FACE_OUTER_BOUND('',#581,.T.);
#405=FACE_OUTER_BOUND('',#582,.T.);
#406=FACE_OUTER_BOUND('',#583,.T.);
#407=FACE_OUTER_BOUND('',#584,.T.);
#408=FACE_OUTER_BOUND('',#585,.T.);
#409=FACE_OUTER_BOUND('',#586,.T.);
#410=FACE_OUTER_BOUND('',#587,.T.);
#411=FACE_OUTER_BOUND('',#588,.T.);
#412=FACE_OUTER_BOUND('',#589,.T.);
#413=FACE_OUTER_BOUND('',#590,.T.);
#414=FACE_OUTER_BOUND('',#591,.T.);
#415=FACE_OUTER_BOUND('',#592,.T.);
#416=FACE_OUTER_BOUND('',#593,.T.);
#417=FACE_OUTER_BOUND('',#595,.T.);
#418=FACE_OUTER_BOUND('',#596,.T.);
#419=FACE_OUTER_BOUND('',#597,.T.);
#420=FACE_OUTER_BOUND('',#599,.T.);
#421=FACE_OUTER_BOUND('',#600,.T.);
#422=FACE_OUTER_BOUND('',#601,.T.);
#423=FACE_OUTER_BOUND('',#602,.T.);
#424=FACE_OUTER_BOUND('',#603,.T.);
#425=FACE_OUTER_BOUND('',#604,.T.);
#426=FACE_OUTER_BOUND('',#605,.T.);
#427=FACE_OUTER_BOUND('',#606,.T.);
#428=FACE_OUTER_BOUND('',#607,.T.);
#429=FACE_OUTER_BOUND('',#608,.T.);
#430=FACE_OUTER_BOUND('',#609,.T.);
#431=FACE_OUTER_BOUND('',#610,.T.);
#432=FACE_OUTER_BOUND('',#611,.T.);
#433=FACE_OUTER_BOUND('',#612,.T.);
#434=FACE_OUTER_BOUND('',#613,.T.);
#435=FACE_OUTER_BOUND('',#614,.T.);
#436=FACE_OUTER_BOUND('',#615,.T.);
#437=FACE_OUTER_BOUND('',#616,.T.);
#438=FACE_OUTER_BOUND('',#617,.T.);
#439=FACE_OUTER_BOUND('',#618,.T.);
#440=FACE_OUTER_BOUND('',#619,.T.);
#441=FACE_OUTER_BOUND('',#620,.T.);
#442=FACE_OUTER_BOUND('',#621,.T.);
#443=FACE_OUTER_BOUND('',#622,.T.);
#444=FACE_OUTER_BOUND('',#623,.T.);
#445=FACE_OUTER_BOUND('',#624,.T.);
#446=FACE_OUTER_BOUND('',#625,.T.);
#447=FACE_OUTER_BOUND('',#626,.T.);
#448=FACE_OUTER_BOUND('',#627,.T.);
#449=FACE_OUTER_BOUND('',#628,.T.);
#450=FACE_OUTER_BOUND('',#629,.T.);
#451=FACE_OUTER_BOUND('',#631,.T.);
#452=FACE_OUTER_BOUND('',#632,.T.);
#453=FACE_OUTER_BOUND('',#633,.T.);
#454=FACE_OUTER_BOUND('',#634,.T.);
#455=FACE_OUTER_BOUND('',#636,.T.);
#456=FACE_OUTER_BOUND('',#637,.T.);
#457=FACE_OUTER_BOUND('',#638,.T.);
#458=FACE_OUTER_BOUND('',#639,.T.);
#459=FACE_OUTER_BOUND('',#640,.T.);
#460=FACE_OUTER_BOUND('',#641,.T.);
#461=FACE_OUTER_BOUND('',#642,.T.);
#462=FACE_OUTER_BOUND('',#643,.T.);
#463=FACE_OUTER_BOUND('',#644,.T.);
#464=FACE_OUTER_BOUND('',#645,.T.);
#465=FACE_OUTER_BOUND('',#649,.T.);
#466=FACE_OUTER_BOUND('',#650,.T.);
#467=FACE_OUTER_BOUND('',#651,.T.);
#468=FACE_OUTER_BOUND('',#652,.T.);
#469=FACE_OUTER_BOUND('',#653,.T.);
#470=FACE_OUTER_BOUND('',#654,.T.);
#471=FACE_OUTER_BOUND('',#655,.T.);
#472=FACE_OUTER_BOUND('',#656,.T.);
#473=FACE_OUTER_BOUND('',#657,.T.);
#474=FACE_OUTER_BOUND('',#658,.T.);
#475=FACE_OUTER_BOUND('',#659,.T.);
#476=FACE_OUTER_BOUND('',#660,.T.);
#477=FACE_OUTER_BOUND('',#661,.T.);
#478=FACE_OUTER_BOUND('',#662,.T.);
#479=FACE_OUTER_BOUND('',#663,.T.);
#480=FACE_OUTER_BOUND('',#669,.T.);
#481=FACE_OUTER_BOUND('',#670,.T.);
#482=FACE_OUTER_BOUND('',#671,.T.);
#483=FACE_OUTER_BOUND('',#672,.T.);
#484=FACE_OUTER_BOUND('',#673,.T.);
#485=FACE_OUTER_BOUND('',#674,.T.);
#486=FACE_OUTER_BOUND('',#675,.T.);
#487=FACE_OUTER_BOUND('',#676,.T.);
#488=FACE_OUTER_BOUND('',#677,.T.);
#489=FACE_OUTER_BOUND('',#679,.T.);
#490=FACE_OUTER_BOUND('',#680,.T.);
#491=FACE_OUTER_BOUND('',#682,.T.);
#492=FACE_OUTER_BOUND('',#683,.T.);
#493=FACE_OUTER_BOUND('',#684,.T.);
#494=FACE_OUTER_BOUND('',#685,.T.);
#495=FACE_OUTER_BOUND('',#686,.T.);
#496=FACE_OUTER_BOUND('',#687,.T.);
#497=EDGE_LOOP('',(#1637,#1638,#1639,#1640));
#498=EDGE_LOOP('',(#1641,#1642,#1643,#1644));
#499=EDGE_LOOP('',(#1645,#1646,#1647,#1648));
#500=EDGE_LOOP('',(#1649,#1650,#1651,#1652));
#501=EDGE_LOOP('',(#1653,#1654,#1655,#1656));
#502=EDGE_LOOP('',(#1657,#1658,#1659,#1660));
#503=EDGE_LOOP('',(#1661,#1662,#1663,#1664,#1665,#1666));
#504=EDGE_LOOP('',(#1667,#1668,#1669,#1670));
#505=EDGE_LOOP('',(#1671));
#506=EDGE_LOOP('',(#1672,#1673,#1674,#1675,#1676,#1677));
#507=EDGE_LOOP('',(#1678,#1679,#1680,#1681));
#508=EDGE_LOOP('',(#1682));
#509=EDGE_LOOP('',(#1683,#1684,#1685,#1686));
#510=EDGE_LOOP('',(#1687,#1688,#1689,#1690));
#511=EDGE_LOOP('',(#1691,#1692,#1693,#1694));
#512=EDGE_LOOP('',(#1695,#1696,#1697,#1698));
#513=EDGE_LOOP('',(#1699,#1700,#1701,#1702));
#514=EDGE_LOOP('',(#1703));
#515=EDGE_LOOP('',(#1704));
#516=EDGE_LOOP('',(#1705));
#517=EDGE_LOOP('',(#1706));
#518=EDGE_LOOP('',(#1707));
#519=EDGE_LOOP('',(#1708));
#520=EDGE_LOOP('',(#1709));
#521=EDGE_LOOP('',(#1710));
#522=EDGE_LOOP('',(#1711));
#523=EDGE_LOOP('',(#1712));
#524=EDGE_LOOP('',(#1713));
#525=EDGE_LOOP('',(#1714));
#526=EDGE_LOOP('',(#1715,#1716,#1717,#1718));
#527=EDGE_LOOP('',(#1719));
#528=EDGE_LOOP('',(#1720,#1721,#1722,#1723));
#529=EDGE_LOOP('',(#1724));
#530=EDGE_LOOP('',(#1725,#1726,#1727,#1728));
#531=EDGE_LOOP('',(#1729,#1730,#1731,#1732));
#532=EDGE_LOOP('',(#1733,#1734,#1735,#1736));
#533=EDGE_LOOP('',(#1737,#1738,#1739,#1740));
#534=EDGE_LOOP('',(#1741,#1742,#1743,#1744,#1745,#1746,#1747,#1748));
#535=EDGE_LOOP('',(#1749,#1750,#1751,#1752));
#536=EDGE_LOOP('',(#1753,#1754,#1755,#1756));
#537=EDGE_LOOP('',(#1757,#1758,#1759,#1760));
#538=EDGE_LOOP('',(#1761,#1762,#1763,#1764));
#539=EDGE_LOOP('',(#1765,#1766,#1767,#1768,#1769,#1770,#1771,#1772,#1773,
#1774,#1775,#1776,#1777,#1778,#1779,#1780));
#540=EDGE_LOOP('',(#1781));
#541=EDGE_LOOP('',(#1782));
#542=EDGE_LOOP('',(#1783));
#543=EDGE_LOOP('',(#1784,#1785,#1786,#1787,#1788,#1789,#1790,#1791));
#544=EDGE_LOOP('',(#1792));
#545=EDGE_LOOP('',(#1793,#1794,#1795,#1796,#1797,#1798,#1799,#1800,#1801,
#1802));
#546=EDGE_LOOP('',(#1803,#1804,#1805,#1806,#1807,#1808,#1809,#1810));
#547=EDGE_LOOP('',(#1811,#1812,#1813,#1814));
#548=EDGE_LOOP('',(#1815));
#549=EDGE_LOOP('',(#1816));
#550=EDGE_LOOP('',(#1817,#1818,#1819,#1820));
#551=EDGE_LOOP('',(#1821,#1822,#1823,#1824));
#552=EDGE_LOOP('',(#1825,#1826,#1827,#1828,#1829));
#553=EDGE_LOOP('',(#1830,#1831,#1832,#1833,#1834));
#554=EDGE_LOOP('',(#1835,#1836,#1837,#1838));
#555=EDGE_LOOP('',(#1839,#1840,#1841,#1842,#1843,#1844));
#556=EDGE_LOOP('',(#1845));
#557=EDGE_LOOP('',(#1846,#1847,#1848,#1849));
#558=EDGE_LOOP('',(#1850,#1851,#1852,#1853));
#559=EDGE_LOOP('',(#1854,#1855,#1856,#1857,#1858,#1859));
#560=EDGE_LOOP('',(#1860));
#561=EDGE_LOOP('',(#1861));
#562=EDGE_LOOP('',(#1862,#1863,#1864,#1865,#1866));
#563=EDGE_LOOP('',(#1867,#1868,#1869,#1870));
#564=EDGE_LOOP('',(#1871,#1872,#1873,#1874,#1875));
#565=EDGE_LOOP('',(#1876,#1877,#1878));
#566=EDGE_LOOP('',(#1879,#1880,#1881,#1882,#1883));
#567=EDGE_LOOP('',(#1884,#1885,#1886));
#568=EDGE_LOOP('',(#1887,#1888,#1889,#1890));
#569=EDGE_LOOP('',(#1891,#1892,#1893,#1894,#1895));
#570=EDGE_LOOP('',(#1896,#1897,#1898,#1899,#1900,#1901,#1902,#1903));
#571=EDGE_LOOP('',(#1904,#1905,#1906,#1907));
#572=EDGE_LOOP('',(#1908,#1909,#1910,#1911,#1912));
#573=EDGE_LOOP('',(#1913,#1914,#1915,#1916));
#574=EDGE_LOOP('',(#1917,#1918,#1919,#1920));
#575=EDGE_LOOP('',(#1921,#1922,#1923,#1924,#1925));
#576=EDGE_LOOP('',(#1926,#1927,#1928,#1929));
#577=EDGE_LOOP('',(#1930,#1931,#1932,#1933));
#578=EDGE_LOOP('',(#1934,#1935,#1936,#1937,#1938));
#579=EDGE_LOOP('',(#1939,#1940,#1941,#1942));
#580=EDGE_LOOP('',(#1943,#1944,#1945,#1946));
#581=EDGE_LOOP('',(#1947,#1948,#1949,#1950));
#582=EDGE_LOOP('',(#1951,#1952,#1953,#1954));
#583=EDGE_LOOP('',(#1955,#1956,#1957,#1958));
#584=EDGE_LOOP('',(#1959,#1960,#1961,#1962));
#585=EDGE_LOOP('',(#1963,#1964,#1965));
#586=EDGE_LOOP('',(#1966,#1967,#1968,#1969));
#587=EDGE_LOOP('',(#1970,#1971,#1972,#1973));
#588=EDGE_LOOP('',(#1974,#1975,#1976,#1977));
#589=EDGE_LOOP('',(#1978,#1979,#1980,#1981));
#590=EDGE_LOOP('',(#1982,#1983,#1984,#1985,#1986));
#591=EDGE_LOOP('',(#1987,#1988,#1989,#1990,#1991));
#592=EDGE_LOOP('',(#1992,#1993,#1994,#1995));
#593=EDGE_LOOP('',(#1996,#1997,#1998,#1999,#2000,#2001));
#594=EDGE_LOOP('',(#2002));
#595=EDGE_LOOP('',(#2003,#2004,#2005,#2006));
#596=EDGE_LOOP('',(#2007,#2008,#2009,#2010));
#597=EDGE_LOOP('',(#2011,#2012,#2013,#2014,#2015,#2016));
#598=EDGE_LOOP('',(#2017));
#599=EDGE_LOOP('',(#2018));
#600=EDGE_LOOP('',(#2019,#2020,#2021,#2022,#2023));
#601=EDGE_LOOP('',(#2024,#2025,#2026,#2027));
#602=EDGE_LOOP('',(#2028,#2029,#2030,#2031,#2032));
#603=EDGE_LOOP('',(#2033,#2034,#2035));
#604=EDGE_LOOP('',(#2036,#2037,#2038,#2039,#2040));
#605=EDGE_LOOP('',(#2041,#2042,#2043));
#606=EDGE_LOOP('',(#2044,#2045,#2046,#2047));
#607=EDGE_LOOP('',(#2048,#2049,#2050,#2051,#2052));
#608=EDGE_LOOP('',(#2053,#2054,#2055,#2056,#2057,#2058,#2059,#2060));
#609=EDGE_LOOP('',(#2061,#2062,#2063,#2064));
#610=EDGE_LOOP('',(#2065,#2066,#2067,#2068,#2069));
#611=EDGE_LOOP('',(#2070,#2071,#2072,#2073));
#612=EDGE_LOOP('',(#2074,#2075,#2076,#2077));
#613=EDGE_LOOP('',(#2078,#2079,#2080,#2081,#2082));
#614=EDGE_LOOP('',(#2083,#2084,#2085,#2086));
#615=EDGE_LOOP('',(#2087,#2088,#2089,#2090));
#616=EDGE_LOOP('',(#2091,#2092,#2093,#2094,#2095));
#617=EDGE_LOOP('',(#2096,#2097,#2098,#2099));
#618=EDGE_LOOP('',(#2100,#2101,#2102,#2103));
#619=EDGE_LOOP('',(#2104,#2105,#2106,#2107));
#620=EDGE_LOOP('',(#2108,#2109,#2110,#2111));
#621=EDGE_LOOP('',(#2112,#2113,#2114,#2115));
#622=EDGE_LOOP('',(#2116,#2117,#2118,#2119));
#623=EDGE_LOOP('',(#2120,#2121,#2122));
#624=EDGE_LOOP('',(#2123,#2124,#2125,#2126));
#625=EDGE_LOOP('',(#2127,#2128,#2129,#2130));
#626=EDGE_LOOP('',(#2131,#2132,#2133,#2134));
#627=EDGE_LOOP('',(#2135));
#628=EDGE_LOOP('',(#2136,#2137,#2138,#2139));
#629=EDGE_LOOP('',(#2140));
#630=EDGE_LOOP('',(#2141));
#631=EDGE_LOOP('',(#2142));
#632=EDGE_LOOP('',(#2143));
#633=EDGE_LOOP('',(#2144,#2145,#2146,#2147));
#634=EDGE_LOOP('',(#2148));
#635=EDGE_LOOP('',(#2149));
#636=EDGE_LOOP('',(#2150));
#637=EDGE_LOOP('',(#2151,#2152,#2153,#2154));
#638=EDGE_LOOP('',(#2155,#2156,#2157,#2158));
#639=EDGE_LOOP('',(#2159,#2160,#2161,#2162));
#640=EDGE_LOOP('',(#2163));
#641=EDGE_LOOP('',(#2164,#2165,#2166,#2167,#2168));
#642=EDGE_LOOP('',(#2169,#2170,#2171,#2172,#2173));
#643=EDGE_LOOP('',(#2174,#2175,#2176,#2177));
#644=EDGE_LOOP('',(#2178,#2179,#2180,#2181));
#645=EDGE_LOOP('',(#2182,#2183,#2184,#2185,#2186,#2187,#2188,#2189));
#646=EDGE_LOOP('',(#2190));
#647=EDGE_LOOP('',(#2191));
#648=EDGE_LOOP('',(#2192));
#649=EDGE_LOOP('',(#2193,#2194,#2195,#2196));
#650=EDGE_LOOP('',(#2197,#2198,#2199,#2200));
#651=EDGE_LOOP('',(#2201,#2202,#2203,#2204));
#652=EDGE_LOOP('',(#2205,#2206,#2207,#2208));
#653=EDGE_LOOP('',(#2209,#2210,#2211,#2212));
#654=EDGE_LOOP('',(#2213,#2214,#2215,#2216));
#655=EDGE_LOOP('',(#2217,#2218,#2219,#2220));
#656=EDGE_LOOP('',(#2221,#2222,#2223,#2224));
#657=EDGE_LOOP('',(#2225,#2226,#2227,#2228));
#658=EDGE_LOOP('',(#2229));
#659=EDGE_LOOP('',(#2230,#2231,#2232,#2233));
#660=EDGE_LOOP('',(#2234,#2235,#2236,#2237));
#661=EDGE_LOOP('',(#2238,#2239,#2240,#2241));
#662=EDGE_LOOP('',(#2242,#2243,#2244,#2245));
#663=EDGE_LOOP('',(#2246,#2247,#2248,#2249,#2250));
#664=EDGE_LOOP('',(#2251));
#665=EDGE_LOOP('',(#2252));
#666=EDGE_LOOP('',(#2253));
#667=EDGE_LOOP('',(#2254));
#668=EDGE_LOOP('',(#2255));
#669=EDGE_LOOP('',(#2256,#2257,#2258,#2259));
#670=EDGE_LOOP('',(#2260,#2261,#2262,#2263));
#671=EDGE_LOOP('',(#2264,#2265,#2266,#2267));
#672=EDGE_LOOP('',(#2268,#2269,#2270,#2271));
#673=EDGE_LOOP('',(#2272,#2273,#2274,#2275));
#674=EDGE_LOOP('',(#2276,#2277,#2278,#2279));
#675=EDGE_LOOP('',(#2280,#2281,#2282,#2283,#2284,#2285));
#676=EDGE_LOOP('',(#2286,#2287,#2288,#2289));
#677=EDGE_LOOP('',(#2290));
#678=EDGE_LOOP('',(#2291,#2292,#2293,#2294,#2295,#2296));
#679=EDGE_LOOP('',(#2297,#2298,#2299,#2300));
#680=EDGE_LOOP('',(#2301));
#681=EDGE_LOOP('',(#2302));
#682=EDGE_LOOP('',(#2303,#2304,#2305,#2306));
#683=EDGE_LOOP('',(#2307,#2308,#2309,#2310));
#684=EDGE_LOOP('',(#2311,#2312,#2313,#2314));
#685=EDGE_LOOP('',(#2315,#2316,#2317,#2318));
#686=EDGE_LOOP('',(#2319,#2320,#2321,#2322,#2323,#2324,#2325,#2326));
#687=EDGE_LOOP('',(#2327));
#688=EDGE_LOOP('',(#2328));
#689=EDGE_LOOP('',(#2329));
#690=EDGE_LOOP('',(#2330));
#691=EDGE_LOOP('',(#2331));
#692=EDGE_LOOP('',(#2332));
#693=LINE('',#3690,#882);
#694=LINE('',#3692,#883);
#695=LINE('',#3694,#884);
#696=LINE('',#3695,#885);
#697=LINE('',#3698,#886);
#698=LINE('',#3700,#887);
#699=LINE('',#3701,#888);
#700=LINE('',#3704,#889);
#701=LINE('',#3706,#890);
#702=LINE('',#3707,#891);
#703=LINE('',#3710,#892);
#704=LINE('',#3712,#893);
#705=LINE('',#3713,#894);
#706=LINE('',#3716,#895);
#707=LINE('',#3718,#896);
#708=LINE('',#3719,#897);
#709=LINE('',#3721,#898);
#710=LINE('',#3722,#899);
#711=LINE('',#3728,#900);
#712=LINE('',#3735,#901);
#713=LINE('',#3742,#902);
#714=LINE('',#3748,#903);
#715=LINE('',#3754,#904);
#716=LINE('',#3760,#905);
#717=LINE('',#3766,#906);
#718=LINE('',#3775,#907);
#719=LINE('',#3782,#908);
#720=LINE('',#3789,#909);
#721=LINE('',#3795,#910);
#722=LINE('',#3801,#911);
#723=LINE('',#3807,#912);
#724=LINE('',#3812,#913);
#725=LINE('',#3816,#914);
#726=LINE('',#3820,#915);
#727=LINE('',#3824,#916);
#728=LINE('',#3828,#917);
#729=LINE('',#3830,#918);
#730=LINE('',#3831,#919);
#731=LINE('',#3835,#920);
#732=LINE('',#3836,#921);
#733=LINE('',#3837,#922);
#734=LINE('',#3842,#923);
#735=LINE('',#3847,#924);
#736=LINE('',#3851,#925);
#737=LINE('',#3856,#926);
#738=LINE('',#3858,#927);
#739=LINE('',#3860,#928);
#740=LINE('',#3864,#929);
#741=LINE('',#3866,#930);
#742=LINE('',#3868,#931);
#743=LINE('',#3871,#932);
#744=LINE('',#3873,#933);
#745=LINE('',#3877,#934);
#746=LINE('',#3879,#935);
#747=LINE('',#3881,#936);
#748=LINE('',#3892,#937);
#749=LINE('',#3897,#938);
#750=LINE('',#3902,#939);
#751=LINE('',#3904,#940);
#752=LINE('',#3906,#941);
#753=LINE('',#3908,#942);
#754=LINE('',#3913,#943);
#755=LINE('',#3915,#944);
#756=LINE('',#3916,#945);
#757=LINE('',#3920,#946);
#758=LINE('',#3922,#947);
#759=LINE('',#3923,#948);
#760=LINE('',#3925,#949);
#761=LINE('',#3927,#950);
#762=LINE('',#3929,#951);
#763=LINE('',#3930,#952);
#764=LINE('',#3933,#953);
#765=LINE('',#3935,#954);
#766=LINE('',#3937,#955);
#767=LINE('',#3938,#956);
#768=LINE('',#3959,#957);
#769=LINE('',#3962,#958);
#770=LINE('',#3967,#959);
#771=LINE('',#3970,#960);
#772=LINE('',#3987,#961);
#773=LINE('',#3990,#962);
#774=LINE('',#3993,#963);
#775=LINE('',#3996,#964);
#776=LINE('',#4001,#965);
#777=LINE('',#4003,#966);
#778=LINE('',#4006,#967);
#779=LINE('',#4033,#968);
#780=LINE('',#4037,#969);
#781=LINE('',#4038,#970);
#782=LINE('',#4045,#971);
#783=LINE('',#4048,#972);
#784=LINE('',#4049,#973);
#785=LINE('',#4052,#974);
#786=LINE('',#4055,#975);
#787=LINE('',#4160,#976);
#788=LINE('',#4161,#977);
#789=LINE('',#4266,#978);
#790=LINE('',#4272,#979);
#791=LINE('',#4273,#980);
#792=LINE('',#4276,#981);
#793=LINE('',#4278,#982);
#794=LINE('',#4279,#983);
#795=LINE('',#4280,#984);
#796=LINE('',#4321,#985);
#797=LINE('',#4435,#986);
#798=LINE('',#4437,#987);
#799=LINE('',#4453,#988);
#800=LINE('',#4456,#989);
#801=LINE('',#4459,#990);
#802=LINE('',#4463,#991);
#803=LINE('',#4470,#992);
#804=LINE('',#4474,#993);
#805=LINE('',#4487,#994);
#806=LINE('',#4490,#995);
#807=LINE('',#4495,#996);
#808=LINE('',#4499,#997);
#809=LINE('',#4500,#998);
#810=LINE('',#4527,#999);
#811=LINE('',#4529,#1000);
#812=LINE('',#4531,#1001);
#813=LINE('',#4539,#1002);
#814=LINE('',#4541,#1003);
#815=LINE('',#4542,#1004);
#816=LINE('',#4547,#1005);
#817=LINE('',#4549,#1006);
#818=LINE('',#4654,#1007);
#819=LINE('',#4655,#1008);
#820=LINE('',#4761,#1009);
#821=LINE('',#4764,#1010);
#822=LINE('',#4766,#1011);
#823=LINE('',#4770,#1012);
#824=LINE('',#4771,#1013);
#825=LINE('',#4773,#1014);
#826=LINE('',#4774,#1015);
#827=LINE('',#4815,#1016);
#828=LINE('',#4929,#1017);
#829=LINE('',#4931,#1018);
#830=LINE('',#4938,#1019);
#831=LINE('',#4947,#1020);
#832=LINE('',#4955,#1021);
#833=LINE('',#4989,#1022);
#834=LINE('',#4993,#1023);
#835=LINE('',#4996,#1024);
#836=LINE('',#5001,#1025);
#837=LINE('',#5007,#1026);
#838=LINE('',#5032,#1027);
#839=LINE('',#5034,#1028);
#840=LINE('',#5036,#1029);
#841=LINE('',#5037,#1030);
#842=LINE('',#5039,#1031);
#843=LINE('',#5040,#1032);
#844=LINE('',#5042,#1033);
#845=LINE('',#5044,#1034);
#846=LINE('',#5051,#1035);
#847=LINE('',#5057,#1036);
#848=LINE('',#5059,#1037);
#849=LINE('',#5061,#1038);
#850=LINE('',#5062,#1039);
#851=LINE('',#5065,#1040);
#852=LINE('',#5067,#1041);
#853=LINE('',#5068,#1042);
#854=LINE('',#5071,#1043);
#855=LINE('',#5073,#1044);
#856=LINE('',#5074,#1045);
#857=LINE('',#5094,#1046);
#858=LINE('',#5096,#1047);
#859=LINE('',#5098,#1048);
#860=LINE('',#5099,#1049);
#861=LINE('',#5102,#1050);
#862=LINE('',#5104,#1051);
#863=LINE('',#5105,#1052);
#864=LINE('',#5108,#1053);
#865=LINE('',#5110,#1054);
#866=LINE('',#5111,#1055);
#867=LINE('',#5114,#1056);
#868=LINE('',#5116,#1057);
#869=LINE('',#5117,#1058);
#870=LINE('',#5120,#1059);
#871=LINE('',#5122,#1060);
#872=LINE('',#5123,#1061);
#873=LINE('',#5125,#1062);
#874=LINE('',#5126,#1063);
#875=LINE('',#5132,#1064);
#876=LINE('',#5138,#1065);
#877=LINE('',#5143,#1066);
#878=LINE('',#5147,#1067);
#879=LINE('',#5151,#1068);
#880=LINE('',#5155,#1069);
#881=LINE('',#5159,#1070);
#882=VECTOR('',#2902,10.);
#883=VECTOR('',#2903,10.);
#884=VECTOR('',#2904,10.);
#885=VECTOR('',#2905,10.);
#886=VECTOR('',#2908,10.);
#887=VECTOR('',#2909,10.);
#888=VECTOR('',#2910,10.);
#889=VECTOR('',#2913,10.);
#890=VECTOR('',#2914,10.);
#891=VECTOR('',#2915,10.);
#892=VECTOR('',#2918,10.);
#893=VECTOR('',#2919,10.);
#894=VECTOR('',#2920,10.);
#895=VECTOR('',#2923,10.);
#896=VECTOR('',#2924,10.);
#897=VECTOR('',#2925,10.);
#898=VECTOR('',#2928,10.);
#899=VECTOR('',#2929,10.);
#900=VECTOR('',#2936,2.7);
#901=VECTOR('',#2945,4.5);
#902=VECTOR('',#2954,1.5);
#903=VECTOR('',#2961,1.5);
#904=VECTOR('',#2968,1.5);
#905=VECTOR('',#2975,1.5);
#906=VECTOR('',#2982,10.);
#907=VECTOR('',#2995,1.40000000000001);
#908=VECTOR('',#3004,1.39999999999997);
#909=VECTOR('',#3013,1.15);
#910=VECTOR('',#3020,1.15);
#911=VECTOR('',#3027,1.15);
#912=VECTOR('',#3034,1.15);
#913=VECTOR('',#3039,9.5);
#914=VECTOR('',#3042,6.5);
#915=VECTOR('',#3045,9.5);
#916=VECTOR('',#3048,6.5);
#917=VECTOR('',#3053,0.2);
#918=VECTOR('',#3054,9.5);
#919=VECTOR('',#3055,0.2);
#920=VECTOR('',#3058,9.5);
#921=VECTOR('',#3059,0.2);
#922=VECTOR('',#3060,0.2);
#923=VECTOR('',#3065,1.4);
#924=VECTOR('',#3070,10.);
#925=VECTOR('',#3073,10.2);
#926=VECTOR('',#3078,1.75);
#927=VECTOR('',#3079,10.);
#928=VECTOR('',#3080,1.75);
#929=VECTOR('',#3083,2.);
#930=VECTOR('',#3084,31.5);
#931=VECTOR('',#3085,2.);
#932=VECTOR('',#3088,1.25);
#933=VECTOR('',#3089,1.25);
#934=VECTOR('',#3092,2.);
#935=VECTOR('',#3093,31.5);
#936=VECTOR('',#3094,2.);
#937=VECTOR('',#3105,6.5);
#938=VECTOR('',#3110,6.5);
#939=VECTOR('',#3115,18.);
#940=VECTOR('',#3116,36.2);
#941=VECTOR('',#3117,3.9);
#942=VECTOR('',#3118,5.789897949);
#943=VECTOR('',#3123,5.789897949);
#944=VECTOR('',#3124,3.9);
#945=VECTOR('',#3125,36.2);
#946=VECTOR('',#3128,36.2);
#947=VECTOR('',#3129,3.9);
#948=VECTOR('',#3130,5.3);
#949=VECTOR('',#3131,5.3);
#950=VECTOR('',#3132,3.9);
#951=VECTOR('',#3133,36.2);
#952=VECTOR('',#3134,18.);
#953=VECTOR('',#3135,10.);
#954=VECTOR('',#3136,10.);
#955=VECTOR('',#3137,10.);
#956=VECTOR('',#3138,10.);
#957=VECTOR('',#3151,5.3);
#958=VECTOR('',#3154,4.810102051);
#959=VECTOR('',#3159,2.75);
#960=VECTOR('',#3162,3.15);
#961=VECTOR('',#3167,3.15);
#962=VECTOR('',#3170,2.75);
#963=VECTOR('',#3173,4.810102051);
#964=VECTOR('',#3176,5.3);
#965=VECTOR('',#3181,3.5);
#966=VECTOR('',#3182,1.25);
#967=VECTOR('',#3185,2.);
#968=VECTOR('',#3198,2.);
#969=VECTOR('',#3201,1.25);
#970=VECTOR('',#3202,3.5);
#971=VECTOR('',#3209,4.810102051);
#972=VECTOR('',#3212,4.8);
#973=VECTOR('',#3213,1.35);
#974=VECTOR('',#3216,4.8);
#975=VECTOR('',#3221,2.1);
#976=VECTOR('',#3228,4.8);
#977=VECTOR('',#3229,2.1);
#978=VECTOR('',#3236,4.8);
#979=VECTOR('',#3243,4.810102051);
#980=VECTOR('',#3244,1.35);
#981=VECTOR('',#3247,36.2);
#982=VECTOR('',#3248,38.);
#983=VECTOR('',#3249,36.2);
#984=VECTOR('',#3250,31.7);
#985=VECTOR('',#3271,1.4);
#986=VECTOR('',#3298,0.2);
#987=VECTOR('',#3301,0.2);
#988=VECTOR('',#3306,4.810102051);
#989=VECTOR('',#3309,5.3);
#990=VECTOR('',#3312,3.15);
#991=VECTOR('',#3315,2.75);
#992=VECTOR('',#3322,2.75);
#993=VECTOR('',#3325,3.15);
#994=VECTOR('',#3328,5.3);
#995=VECTOR('',#3331,4.810102051);
#996=VECTOR('',#3336,2.);
#997=VECTOR('',#3339,1.25);
#998=VECTOR('',#3340,3.5);
#999=VECTOR('',#3353,2.);
#1000=VECTOR('',#3354,3.5);
#1001=VECTOR('',#3355,1.25);
#1002=VECTOR('',#3364,4.810102051);
#1003=VECTOR('',#3365,1.35);
#1004=VECTOR('',#3366,4.8);
#1005=VECTOR('',#3373,4.8);
#1006=VECTOR('',#3376,2.1);
#1007=VECTOR('',#3383,2.1);
#1008=VECTOR('',#3384,4.8);
#1009=VECTOR('',#3393,4.8);
#1010=VECTOR('',#3396,1.35);
#1011=VECTOR('',#3397,4.810102051);
#1012=VECTOR('',#3402,36.2);
#1013=VECTOR('',#3403,31.7);
#1014=VECTOR('',#3404,36.2);
#1015=VECTOR('',#3405,38.);
#1016=VECTOR('',#3426,1.4);
#1017=VECTOR('',#3453,0.2);
#1018=VECTOR('',#3456,0.2);
#1019=VECTOR('',#3465,1.);
#1020=VECTOR('',#3478,1.);
#1021=VECTOR('',#3489,38.);
#1022=VECTOR('',#3508,2.6);
#1023=VECTOR('',#3515,2.);
#1024=VECTOR('',#3518,18.);
#1025=VECTOR('',#3525,18.);
#1026=VECTOR('',#3532,38.);
#1027=VECTOR('',#3541,10.);
#1028=VECTOR('',#3542,10.);
#1029=VECTOR('',#3543,10.);
#1030=VECTOR('',#3544,10.);
#1031=VECTOR('',#3547,10.);
#1032=VECTOR('',#3548,10.);
#1033=VECTOR('',#3551,10.);
#1034=VECTOR('',#3554,10.);
#1035=VECTOR('',#3563,2.7);
#1036=VECTOR('',#3570,10.);
#1037=VECTOR('',#3571,10.);
#1038=VECTOR('',#3572,10.);
#1039=VECTOR('',#3573,10.);
#1040=VECTOR('',#3576,10.);
#1041=VECTOR('',#3577,10.);
#1042=VECTOR('',#3578,10.);
#1043=VECTOR('',#3581,10.);
#1044=VECTOR('',#3582,10.);
#1045=VECTOR('',#3583,10.);
#1046=VECTOR('',#3606,10.);
#1047=VECTOR('',#3607,10.);
#1048=VECTOR('',#3608,10.);
#1049=VECTOR('',#3609,10.);
#1050=VECTOR('',#3612,10.);
#1051=VECTOR('',#3613,10.);
#1052=VECTOR('',#3614,10.);
#1053=VECTOR('',#3617,10.);
#1054=VECTOR('',#3618,10.);
#1055=VECTOR('',#3619,10.);
#1056=VECTOR('',#3622,10.);
#1057=VECTOR('',#3623,10.);
#1058=VECTOR('',#3624,10.);
#1059=VECTOR('',#3627,10.);
#1060=VECTOR('',#3628,10.);
#1061=VECTOR('',#3629,10.);
#1062=VECTOR('',#3632,10.);
#1063=VECTOR('',#3633,10.);
#1064=VECTOR('',#3640,2.7);
#1065=VECTOR('',#3649,4.5);
#1066=VECTOR('',#3656,1.5);
#1067=VECTOR('',#3661,1.5);
#1068=VECTOR('',#3666,1.5);
#1069=VECTOR('',#3671,1.5);
#1070=VECTOR('',#3676,10.);
#1071=VERTEX_POINT('',#3688);
#1072=VERTEX_POINT('',#3689);
#1073=VERTEX_POINT('',#3691);
#1074=VERTEX_POINT('',#3693);
#1075=VERTEX_POINT('',#3697);
#1076=VERTEX_POINT('',#3699);
#1077=VERTEX_POINT('',#3703);
#1078=VERTEX_POINT('',#3705);
#1079=VERTEX_POINT('',#3709);
#1080=VERTEX_POINT('',#3711);
#1081=VERTEX_POINT('',#3715);
#1082=VERTEX_POINT('',#3717);
#1083=VERTEX_POINT('',#3725);
#1084=VERTEX_POINT('',#3727);
#1085=VERTEX_POINT('',#3732);
#1086=VERTEX_POINT('',#3734);
#1087=VERTEX_POINT('',#3739);
#1088=VERTEX_POINT('',#3741);
#1089=VERTEX_POINT('',#3745);
#1090=VERTEX_POINT('',#3747);
#1091=VERTEX_POINT('',#3751);
#1092=VERTEX_POINT('',#3753);
#1093=VERTEX_POINT('',#3757);
#1094=VERTEX_POINT('',#3759);
#1095=VERTEX_POINT('',#3763);
#1096=VERTEX_POINT('',#3765);
#1097=VERTEX_POINT('',#3772);
#1098=VERTEX_POINT('',#3774);
#1099=VERTEX_POINT('',#3779);
#1100=VERTEX_POINT('',#3781);
#1101=VERTEX_POINT('',#3786);
#1102=VERTEX_POINT('',#3788);
#1103=VERTEX_POINT('',#3792);
#1104=VERTEX_POINT('',#3794);
#1105=VERTEX_POINT('',#3798);
#1106=VERTEX_POINT('',#3800);
#1107=VERTEX_POINT('',#3804);
#1108=VERTEX_POINT('',#3806);
#1109=VERTEX_POINT('',#3810);
#1110=VERTEX_POINT('',#3811);
#1111=VERTEX_POINT('',#3813);
#1112=VERTEX_POINT('',#3815);
#1113=VERTEX_POINT('',#3817);
#1114=VERTEX_POINT('',#3819);
#1115=VERTEX_POINT('',#3821);
#1116=VERTEX_POINT('',#3823);
#1117=VERTEX_POINT('',#3827);
#1118=VERTEX_POINT('',#3829);
#1119=VERTEX_POINT('',#3833);
#1120=VERTEX_POINT('',#3834);
#1121=VERTEX_POINT('',#3839);
#1122=VERTEX_POINT('',#3841);
#1123=VERTEX_POINT('',#3845);
#1124=VERTEX_POINT('',#3846);
#1125=VERTEX_POINT('',#3848);
#1126=VERTEX_POINT('',#3850);
#1127=VERTEX_POINT('',#3854);
#1128=VERTEX_POINT('',#3855);
#1129=VERTEX_POINT('',#3857);
#1130=VERTEX_POINT('',#3859);
#1131=VERTEX_POINT('',#3861);
#1132=VERTEX_POINT('',#3863);
#1133=VERTEX_POINT('',#3865);
#1134=VERTEX_POINT('',#3867);
#1135=VERTEX_POINT('',#3869);
#1136=VERTEX_POINT('',#3872);
#1137=VERTEX_POINT('',#3874);
#1138=VERTEX_POINT('',#3876);
#1139=VERTEX_POINT('',#3878);
#1140=VERTEX_POINT('',#3880);
#1141=VERTEX_POINT('',#3883);
#1142=VERTEX_POINT('',#3885);
#1143=VERTEX_POINT('',#3887);
#1144=VERTEX_POINT('',#3889);
#1145=VERTEX_POINT('',#3891);
#1146=VERTEX_POINT('',#3894);
#1147=VERTEX_POINT('',#3896);
#1148=VERTEX_POINT('',#3900);
#1149=VERTEX_POINT('',#3901);
#1150=VERTEX_POINT('',#3903);
#1151=VERTEX_POINT('',#3905);
#1152=VERTEX_POINT('',#3907);
#1153=VERTEX_POINT('',#3910);
#1154=VERTEX_POINT('',#3912);
#1155=VERTEX_POINT('',#3914);
#1156=VERTEX_POINT('',#3918);
#1157=VERTEX_POINT('',#3919);
#1158=VERTEX_POINT('',#3921);
#1159=VERTEX_POINT('',#3924);
#1160=VERTEX_POINT('',#3926);
#1161=VERTEX_POINT('',#3928);
#1162=VERTEX_POINT('',#3931);
#1163=VERTEX_POINT('',#3932);
#1164=VERTEX_POINT('',#3934);
#1165=VERTEX_POINT('',#3936);
#1166=VERTEX_POINT('',#3941);
#1167=VERTEX_POINT('',#3946);
#1168=VERTEX_POINT('',#3947);
#1169=VERTEX_POINT('',#3958);
#1170=VERTEX_POINT('',#3960);
#1171=VERTEX_POINT('',#3964);
#1172=VERTEX_POINT('',#3966);
#1173=VERTEX_POINT('',#3968);
#1174=VERTEX_POINT('',#3972);
#1175=VERTEX_POINT('',#3973);
#1176=VERTEX_POINT('',#3975);
#1177=VERTEX_POINT('',#3986);
#1178=VERTEX_POINT('',#3988);
#1179=VERTEX_POINT('',#3992);
#1180=VERTEX_POINT('',#3994);
#1181=VERTEX_POINT('',#3998);
#1182=VERTEX_POINT('',#4000);
#1183=VERTEX_POINT('',#4002);
#1184=VERTEX_POINT('',#4004);
#1185=VERTEX_POINT('',#4027);
#1186=VERTEX_POINT('',#4032);
#1187=VERTEX_POINT('',#4034);
#1188=VERTEX_POINT('',#4036);
#1189=VERTEX_POINT('',#4040);
#1190=VERTEX_POINT('',#4043);
#1191=VERTEX_POINT('',#4044);
#1192=VERTEX_POINT('',#4047);
#1193=VERTEX_POINT('',#4051);
#1194=VERTEX_POINT('',#4159);
#1195=VERTEX_POINT('',#4265);
#1196=VERTEX_POINT('',#4269);
#1197=VERTEX_POINT('',#4271);
#1198=VERTEX_POINT('',#4275);
#1199=VERTEX_POINT('',#4277);
#1200=VERTEX_POINT('',#4440);
#1201=VERTEX_POINT('',#4441);
#1202=VERTEX_POINT('',#4452);
#1203=VERTEX_POINT('',#4454);
#1204=VERTEX_POINT('',#4458);
#1205=VERTEX_POINT('',#4460);
#1206=VERTEX_POINT('',#4462);
#1207=VERTEX_POINT('',#4466);
#1208=VERTEX_POINT('',#4467);
#1209=VERTEX_POINT('',#4469);
#1210=VERTEX_POINT('',#4471);
#1211=VERTEX_POINT('',#4473);
#1212=VERTEX_POINT('',#4486);
#1213=VERTEX_POINT('',#4488);
#1214=VERTEX_POINT('',#4492);
#1215=VERTEX_POINT('',#4494);
#1216=VERTEX_POINT('',#4496);
#1217=VERTEX_POINT('',#4498);
#1218=VERTEX_POINT('',#4521);
#1219=VERTEX_POINT('',#4526);
#1220=VERTEX_POINT('',#4528);
#1221=VERTEX_POINT('',#4530);
#1222=VERTEX_POINT('',#4534);
#1223=VERTEX_POINT('',#4537);
#1224=VERTEX_POINT('',#4538);
#1225=VERTEX_POINT('',#4540);
#1226=VERTEX_POINT('',#4545);
#1227=VERTEX_POINT('',#4653);
#1228=VERTEX_POINT('',#4759);
#1229=VERTEX_POINT('',#4763);
#1230=VERTEX_POINT('',#4765);
#1231=VERTEX_POINT('',#4769);
#1232=VERTEX_POINT('',#4772);
#1233=VERTEX_POINT('',#4934);
#1234=VERTEX_POINT('',#4937);
#1235=VERTEX_POINT('',#4943);
#1236=VERTEX_POINT('',#4946);
#1237=VERTEX_POINT('',#4952);
#1238=VERTEX_POINT('',#4954);
#1239=VERTEX_POINT('',#4966);
#1240=VERTEX_POINT('',#4978);
#1241=VERTEX_POINT('',#4982);
#1242=VERTEX_POINT('',#4985);
#1243=VERTEX_POINT('',#4986);
#1244=VERTEX_POINT('',#4988);
#1245=VERTEX_POINT('',#4995);
#1246=VERTEX_POINT('',#4999);
#1247=VERTEX_POINT('',#5003);
#1248=VERTEX_POINT('',#5005);
#1249=VERTEX_POINT('',#5030);
#1250=VERTEX_POINT('',#5031);
#1251=VERTEX_POINT('',#5033);
#1252=VERTEX_POINT('',#5035);
#1253=VERTEX_POINT('',#5048);
#1254=VERTEX_POINT('',#5050);
#1255=VERTEX_POINT('',#5055);
#1256=VERTEX_POINT('',#5056);
#1257=VERTEX_POINT('',#5058);
#1258=VERTEX_POINT('',#5060);
#1259=VERTEX_POINT('',#5064);
#1260=VERTEX_POINT('',#5066);
#1261=VERTEX_POINT('',#5070);
#1262=VERTEX_POINT('',#5072);
#1263=VERTEX_POINT('',#5078);
#1264=VERTEX_POINT('',#5081);
#1265=VERTEX_POINT('',#5083);
#1266=VERTEX_POINT('',#5085);
#1267=VERTEX_POINT('',#5087);
#1268=VERTEX_POINT('',#5089);
#1269=VERTEX_POINT('',#5092);
#1270=VERTEX_POINT('',#5093);
#1271=VERTEX_POINT('',#5095);
#1272=VERTEX_POINT('',#5097);
#1273=VERTEX_POINT('',#5101);
#1274=VERTEX_POINT('',#5103);
#1275=VERTEX_POINT('',#5107);
#1276=VERTEX_POINT('',#5109);
#1277=VERTEX_POINT('',#5113);
#1278=VERTEX_POINT('',#5115);
#1279=VERTEX_POINT('',#5119);
#1280=VERTEX_POINT('',#5121);
#1281=VERTEX_POINT('',#5129);
#1282=VERTEX_POINT('',#5131);
#1283=VERTEX_POINT('',#5136);
#1284=VERTEX_POINT('',#5141);
#1285=VERTEX_POINT('',#5145);
#1286=VERTEX_POINT('',#5149);
#1287=VERTEX_POINT('',#5153);
#1288=VERTEX_POINT('',#5157);
#1289=EDGE_CURVE('',#1071,#1072,#693,.T.);
#1290=EDGE_CURVE('',#1071,#1073,#694,.T.);
#1291=EDGE_CURVE('',#1073,#1074,#695,.T.);
#1292=EDGE_CURVE('',#1072,#1074,#696,.T.);
#1293=EDGE_CURVE('',#1075,#1071,#697,.T.);
#1294=EDGE_CURVE('',#1075,#1076,#698,.T.);
#1295=EDGE_CURVE('',#1076,#1073,#699,.T.);
#1296=EDGE_CURVE('',#1077,#1075,#700,.T.);
#1297=EDGE_CURVE('',#1077,#1078,#701,.T.);
#1298=EDGE_CURVE('',#1078,#1076,#702,.T.);
#1299=EDGE_CURVE('',#1079,#1077,#703,.T.);
#1300=EDGE_CURVE('',#1079,#1080,#704,.T.);
#1301=EDGE_CURVE('',#1080,#1078,#705,.T.);
#1302=EDGE_CURVE('',#1081,#1079,#706,.T.);
#1303=EDGE_CURVE('',#1081,#1082,#707,.T.);
#1304=EDGE_CURVE('',#1082,#1080,#708,.T.);
#1305=EDGE_CURVE('',#1072,#1081,#709,.T.);
#1306=EDGE_CURVE('',#1074,#1082,#710,.T.);
#1307=EDGE_CURVE('',#1083,#1083,#132,.T.);
#1308=EDGE_CURVE('',#1083,#1084,#711,.T.);
#1309=EDGE_CURVE('',#1084,#1084,#133,.T.);
#1310=EDGE_CURVE('',#1085,#1085,#134,.T.);
#1311=EDGE_CURVE('',#1085,#1086,#712,.T.);
#1312=EDGE_CURVE('',#1086,#1086,#135,.T.);
#1313=EDGE_CURVE('',#1087,#1087,#136,.T.);
#1314=EDGE_CURVE('',#1087,#1088,#713,.T.);
#1315=EDGE_CURVE('',#1088,#1088,#137,.T.);
#1316=EDGE_CURVE('',#1089,#1089,#138,.T.);
#1317=EDGE_CURVE('',#1089,#1090,#714,.T.);
#1318=EDGE_CURVE('',#1090,#1090,#139,.T.);
#1319=EDGE_CURVE('',#1091,#1091,#140,.T.);
#1320=EDGE_CURVE('',#1091,#1092,#715,.T.);
#1321=EDGE_CURVE('',#1092,#1092,#141,.T.);
#1322=EDGE_CURVE('',#1093,#1093,#142,.T.);
#1323=EDGE_CURVE('',#1093,#1094,#716,.T.);
#1324=EDGE_CURVE('',#1094,#1094,#143,.T.);
#1325=EDGE_CURVE('',#1095,#1095,#144,.T.);
#1326=EDGE_CURVE('',#1095,#1096,#717,.T.);
#1327=EDGE_CURVE('',#1096,#1096,#145,.T.);
#1328=EDGE_CURVE('',#1097,#1097,#146,.T.);
#1329=EDGE_CURVE('',#1097,#1098,#718,.T.);
#1330=EDGE_CURVE('',#1098,#1098,#147,.T.);
#1331=EDGE_CURVE('',#1099,#1099,#148,.T.);
#1332=EDGE_CURVE('',#1099,#1100,#719,.T.);
#1333=EDGE_CURVE('',#1100,#1100,#149,.T.);
#1334=EDGE_CURVE('',#1101,#1101,#150,.T.);
#1335=EDGE_CURVE('',#1101,#1102,#720,.T.);
#1336=EDGE_CURVE('',#1102,#1102,#151,.T.);
#1337=EDGE_CURVE('',#1103,#1103,#152,.T.);
#1338=EDGE_CURVE('',#1103,#1104,#721,.T.);
#1339=EDGE_CURVE('',#1104,#1104,#153,.T.);
#1340=EDGE_CURVE('',#1105,#1105,#154,.T.);
#1341=EDGE_CURVE('',#1105,#1106,#722,.T.);
#1342=EDGE_CURVE('',#1106,#1106,#155,.T.);
#1343=EDGE_CURVE('',#1107,#1107,#156,.T.);
#1344=EDGE_CURVE('',#1107,#1108,#723,.T.);
#1345=EDGE_CURVE('',#1108,#1108,#157,.T.);
#1346=EDGE_CURVE('',#1109,#1110,#724,.T.);
#1347=EDGE_CURVE('',#1110,#1111,#158,.T.);
#1348=EDGE_CURVE('',#1111,#1112,#725,.T.);
#1349=EDGE_CURVE('',#1112,#1113,#159,.T.);
#1350=EDGE_CURVE('',#1113,#1114,#726,.T.);
#1351=EDGE_CURVE('',#1115,#1114,#160,.T.);
#1352=EDGE_CURVE('',#1116,#1115,#727,.T.);
#1353=EDGE_CURVE('',#1109,#1116,#161,.T.);
#1354=EDGE_CURVE('',#1113,#1117,#728,.T.);
#1355=EDGE_CURVE('',#1117,#1118,#729,.T.);
#1356=EDGE_CURVE('',#1114,#1118,#730,.T.);
#1357=EDGE_CURVE('',#1119,#1120,#731,.T.);
#1358=EDGE_CURVE('',#1120,#1110,#732,.T.);
#1359=EDGE_CURVE('',#1119,#1109,#733,.T.);
#1360=EDGE_CURVE('',#1121,#1121,#162,.T.);
#1361=EDGE_CURVE('',#1121,#1122,#734,.T.);
#1362=EDGE_CURVE('',#1122,#1122,#163,.T.);
#1363=EDGE_CURVE('',#1123,#1124,#735,.T.);
#1364=EDGE_CURVE('',#1125,#1123,#53,.T.);
#1365=EDGE_CURVE('',#1126,#1125,#736,.T.);
#1366=EDGE_CURVE('',#1126,#1124,#54,.T.);
#1367=EDGE_CURVE('',#1127,#1128,#737,.T.);
#1368=EDGE_CURVE('',#1128,#1129,#738,.T.);
#1369=EDGE_CURVE('',#1130,#1129,#739,.T.);
#1370=EDGE_CURVE('',#1131,#1130,#164,.T.);
#1371=EDGE_CURVE('',#1132,#1131,#740,.T.);
#1372=EDGE_CURVE('',#1133,#1132,#741,.T.);
#1373=EDGE_CURVE('',#1134,#1133,#742,.T.);
#1374=EDGE_CURVE('',#1135,#1134,#165,.T.);
#1375=EDGE_CURVE('',#1123,#1135,#743,.T.);
#1376=EDGE_CURVE('',#1124,#1136,#744,.T.);
#1377=EDGE_CURVE('',#1136,#1137,#166,.T.);
#1378=EDGE_CURVE('',#1137,#1138,#745,.T.);
#1379=EDGE_CURVE('',#1138,#1139,#746,.T.);
#1380=EDGE_CURVE('',#1139,#1140,#747,.T.);
#1381=EDGE_CURVE('',#1140,#1127,#167,.T.);
#1382=EDGE_CURVE('',#1141,#1141,#168,.T.);
#1383=EDGE_CURVE('',#1142,#1142,#169,.T.);
#1384=EDGE_CURVE('',#1143,#1143,#170,.T.);
#1385=EDGE_CURVE('',#1117,#1144,#171,.T.);
#1386=EDGE_CURVE('',#1145,#1144,#748,.T.);
#1387=EDGE_CURVE('',#1145,#1120,#172,.T.);
#1388=EDGE_CURVE('',#1146,#1119,#173,.T.);
#1389=EDGE_CURVE('',#1146,#1147,#749,.T.);
#1390=EDGE_CURVE('',#1118,#1147,#174,.T.);
#1391=EDGE_CURVE('',#1148,#1149,#750,.T.);
#1392=EDGE_CURVE('',#1150,#1148,#751,.T.);
#1393=EDGE_CURVE('',#1151,#1150,#752,.T.);
#1394=EDGE_CURVE('',#1152,#1151,#753,.T.);
#1395=EDGE_CURVE('',#1129,#1152,#175,.T.);
#1396=EDGE_CURVE('',#1128,#1153,#176,.T.);
#1397=EDGE_CURVE('',#1153,#1154,#754,.T.);
#1398=EDGE_CURVE('',#1154,#1155,#755,.T.);
#1399=EDGE_CURVE('',#1155,#1149,#756,.T.);
#1400=EDGE_CURVE('',#1156,#1157,#757,.T.);
#1401=EDGE_CURVE('',#1157,#1158,#758,.T.);
#1402=EDGE_CURVE('',#1158,#1126,#759,.T.);
#1403=EDGE_CURVE('',#1159,#1125,#760,.T.);
#1404=EDGE_CURVE('',#1160,#1159,#761,.T.);
#1405=EDGE_CURVE('',#1161,#1160,#762,.T.);
#1406=EDGE_CURVE('',#1156,#1161,#763,.T.);
#1407=EDGE_CURVE('',#1162,#1163,#764,.F.);
#1408=EDGE_CURVE('',#1162,#1164,#765,.T.);
#1409=EDGE_CURVE('',#1165,#1164,#766,.F.);
#1410=EDGE_CURVE('',#1163,#1165,#767,.F.);
#1411=EDGE_CURVE('',#1166,#1166,#177,.T.);
#1412=EDGE_CURVE('',#1166,#1143,#178,.T.);
#1413=EDGE_CURVE('',#1167,#1168,#38,.T.);
#1414=EDGE_CURVE('',#1167,#1169,#768,.T.);
#1415=EDGE_CURVE('',#1170,#1169,#179,.T.);
#1416=EDGE_CURVE('',#1170,#1168,#769,.T.);
#1417=EDGE_CURVE('',#1168,#1171,#180,.T.);
#1418=EDGE_CURVE('',#1171,#1172,#770,.T.);
#1419=EDGE_CURVE('',#1173,#1172,#181,.T.);
#1420=EDGE_CURVE('',#1173,#1167,#771,.T.);
#1421=EDGE_CURVE('',#1174,#1175,#182,.T.);
#1422=EDGE_CURVE('',#1175,#1176,#39,.T.);
#1423=EDGE_CURVE('',#1176,#1177,#772,.T.);
#1424=EDGE_CURVE('',#1178,#1177,#183,.T.);
#1425=EDGE_CURVE('',#1178,#1174,#773,.T.);
#1426=EDGE_CURVE('',#1175,#1179,#774,.T.);
#1427=EDGE_CURVE('',#1180,#1179,#184,.T.);
#1428=EDGE_CURVE('',#1180,#1176,#775,.T.);
#1429=EDGE_CURVE('',#1181,#1178,#185,.T.);
#1430=EDGE_CURVE('',#1182,#1181,#776,.T.);
#1431=EDGE_CURVE('',#1183,#1182,#777,.T.);
#1432=EDGE_CURVE('',#1184,#1183,#186,.T.);
#1433=EDGE_CURVE('',#1184,#1174,#778,.T.);
#1434=EDGE_CURVE('',#1181,#1160,#187,.T.);
#1435=EDGE_CURVE('',#1177,#1160,#188,.T.);
#1436=EDGE_CURVE('',#1150,#1185,#189,.T.);
#1437=EDGE_CURVE('',#1150,#1173,#190,.T.);
#1438=EDGE_CURVE('',#1172,#1185,#191,.T.);
#1439=EDGE_CURVE('',#1186,#1171,#779,.T.);
#1440=EDGE_CURVE('',#1186,#1187,#192,.T.);
#1441=EDGE_CURVE('',#1187,#1188,#780,.T.);
#1442=EDGE_CURVE('',#1185,#1188,#781,.T.);
#1443=EDGE_CURVE('',#1189,#1189,#193,.T.);
#1444=EDGE_CURVE('',#1190,#1191,#782,.T.);
#1445=EDGE_CURVE('',#1188,#1190,#194,.T.);
#1446=EDGE_CURVE('',#1187,#1192,#783,.T.);
#1447=EDGE_CURVE('',#1191,#1192,#784,.T.);
#1448=EDGE_CURVE('',#1186,#1193,#785,.T.);
#1449=EDGE_CURVE('',#1192,#1193,#195,.T.);
#1450=EDGE_CURVE('',#1193,#1170,#786,.T.);
#1451=EDGE_CURVE('',#1169,#1132,#55,.T.);
#1452=EDGE_CURVE('',#1170,#1132,#56,.T.);
#1453=EDGE_CURVE('',#1184,#1194,#787,.T.);
#1454=EDGE_CURVE('',#1179,#1194,#788,.T.);
#1455=EDGE_CURVE('',#1179,#1133,#57,.T.);
#1456=EDGE_CURVE('',#1180,#1133,#58,.T.);
#1457=EDGE_CURVE('',#1183,#1195,#789,.T.);
#1458=EDGE_CURVE('',#1194,#1195,#196,.T.);
#1459=EDGE_CURVE('',#1196,#1182,#197,.T.);
#1460=EDGE_CURVE('',#1197,#1196,#790,.T.);
#1461=EDGE_CURVE('',#1195,#1197,#791,.T.);
#1462=EDGE_CURVE('',#1198,#1173,#792,.T.);
#1463=EDGE_CURVE('',#1199,#1198,#793,.T.);
#1464=EDGE_CURVE('',#1177,#1199,#794,.T.);
#1465=EDGE_CURVE('',#1169,#1180,#795,.T.);
#1466=EDGE_CURVE('',#1159,#1196,#40,.T.);
#1467=EDGE_CURVE('',#1197,#1125,#198,.T.);
#1468=EDGE_CURVE('',#1161,#1199,#199,.T.);
#1469=EDGE_CURVE('',#1198,#1148,#200,.T.);
#1470=EDGE_CURVE('',#1190,#1151,#41,.T.);
#1471=EDGE_CURVE('',#1152,#1191,#42,.T.);
#1472=EDGE_CURVE('',#1189,#1141,#796,.T.);
#1473=EDGE_CURVE('',#1192,#1130,#201,.T.);
#1474=EDGE_CURVE('',#1193,#1131,#202,.T.);
#1475=EDGE_CURVE('',#1194,#1134,#203,.T.);
#1476=EDGE_CURVE('',#1195,#1135,#204,.T.);
#1477=EDGE_CURVE('',#1197,#1123,#59,.T.);
#1478=EDGE_CURVE('',#1147,#1115,#797,.T.);
#1479=EDGE_CURVE('',#1116,#1146,#798,.T.);
#1480=EDGE_CURVE('',#1200,#1201,#43,.T.);
#1481=EDGE_CURVE('',#1202,#1201,#799,.T.);
#1482=EDGE_CURVE('',#1202,#1203,#205,.T.);
#1483=EDGE_CURVE('',#1200,#1203,#800,.T.);
#1484=EDGE_CURVE('',#1204,#1200,#801,.T.);
#1485=EDGE_CURVE('',#1204,#1205,#206,.T.);
#1486=EDGE_CURVE('',#1206,#1205,#802,.T.);
#1487=EDGE_CURVE('',#1201,#1206,#207,.T.);
#1488=EDGE_CURVE('',#1207,#1208,#208,.T.);
#1489=EDGE_CURVE('',#1209,#1207,#803,.T.);
#1490=EDGE_CURVE('',#1209,#1210,#209,.T.);
#1491=EDGE_CURVE('',#1211,#1210,#804,.T.);
#1492=EDGE_CURVE('',#1208,#1211,#44,.T.);
#1493=EDGE_CURVE('',#1212,#1211,#805,.T.);
#1494=EDGE_CURVE('',#1212,#1213,#210,.T.);
#1495=EDGE_CURVE('',#1208,#1213,#806,.T.);
#1496=EDGE_CURVE('',#1214,#1209,#211,.T.);
#1497=EDGE_CURVE('',#1215,#1207,#807,.T.);
#1498=EDGE_CURVE('',#1215,#1216,#212,.T.);
#1499=EDGE_CURVE('',#1216,#1217,#808,.T.);
#1500=EDGE_CURVE('',#1217,#1214,#809,.T.);
#1501=EDGE_CURVE('',#1214,#1157,#213,.T.);
#1502=EDGE_CURVE('',#1210,#1157,#214,.T.);
#1503=EDGE_CURVE('',#1155,#1218,#215,.T.);
#1504=EDGE_CURVE('',#1205,#1218,#216,.T.);
#1505=EDGE_CURVE('',#1155,#1204,#217,.T.);
#1506=EDGE_CURVE('',#1219,#1206,#810,.T.);
#1507=EDGE_CURVE('',#1218,#1220,#811,.T.);
#1508=EDGE_CURVE('',#1221,#1220,#812,.T.);
#1509=EDGE_CURVE('',#1219,#1221,#218,.T.);
#1510=EDGE_CURVE('',#1222,#1222,#219,.T.);
#1511=EDGE_CURVE('',#1223,#1224,#813,.T.);
#1512=EDGE_CURVE('',#1224,#1225,#814,.T.);
#1513=EDGE_CURVE('',#1221,#1225,#815,.T.);
#1514=EDGE_CURVE('',#1220,#1223,#220,.T.);
#1515=EDGE_CURVE('',#1225,#1226,#221,.T.);
#1516=EDGE_CURVE('',#1219,#1226,#816,.T.);
#1517=EDGE_CURVE('',#1226,#1202,#817,.T.);
#1518=EDGE_CURVE('',#1202,#1139,#60,.T.);
#1519=EDGE_CURVE('',#1203,#1139,#61,.T.);
#1520=EDGE_CURVE('',#1213,#1227,#818,.T.);
#1521=EDGE_CURVE('',#1215,#1227,#819,.T.);
#1522=EDGE_CURVE('',#1212,#1138,#62,.T.);
#1523=EDGE_CURVE('',#1213,#1138,#63,.T.);
#1524=EDGE_CURVE('',#1227,#1228,#222,.T.);
#1525=EDGE_CURVE('',#1216,#1228,#820,.T.);
#1526=EDGE_CURVE('',#1228,#1229,#821,.T.);
#1527=EDGE_CURVE('',#1229,#1230,#822,.T.);
#1528=EDGE_CURVE('',#1230,#1217,#223,.T.);
#1529=EDGE_CURVE('',#1231,#1204,#823,.T.);
#1530=EDGE_CURVE('',#1203,#1212,#824,.T.);
#1531=EDGE_CURVE('',#1210,#1232,#825,.T.);
#1532=EDGE_CURVE('',#1232,#1231,#826,.T.);
#1533=EDGE_CURVE('',#1158,#1230,#45,.T.);
#1534=EDGE_CURVE('',#1229,#1126,#224,.T.);
#1535=EDGE_CURVE('',#1156,#1232,#225,.T.);
#1536=EDGE_CURVE('',#1231,#1149,#226,.T.);
#1537=EDGE_CURVE('',#1223,#1154,#46,.T.);
#1538=EDGE_CURVE('',#1153,#1224,#47,.T.);
#1539=EDGE_CURVE('',#1222,#1142,#827,.T.);
#1540=EDGE_CURVE('',#1225,#1127,#227,.T.);
#1541=EDGE_CURVE('',#1226,#1140,#228,.T.);
#1542=EDGE_CURVE('',#1227,#1137,#229,.T.);
#1543=EDGE_CURVE('',#1228,#1136,#230,.T.);
#1544=EDGE_CURVE('',#1229,#1124,#64,.T.);
#1545=EDGE_CURVE('',#1144,#1112,#828,.T.);
#1546=EDGE_CURVE('',#1111,#1145,#829,.T.);
#1547=EDGE_CURVE('',#1233,#1233,#231,.T.);
#1548=EDGE_CURVE('',#1233,#1234,#830,.T.);
#1549=EDGE_CURVE('',#1234,#1234,#232,.T.);
#1550=EDGE_CURVE('',#1235,#1235,#233,.T.);
#1551=EDGE_CURVE('',#1235,#1236,#831,.T.);
#1552=EDGE_CURVE('',#1236,#1236,#234,.T.);
#1553=EDGE_CURVE('',#1232,#1237,#235,.T.);
#1554=EDGE_CURVE('',#1238,#1237,#832,.T.);
#1555=EDGE_CURVE('',#1238,#1231,#236,.T.);
#1556=EDGE_CURVE('',#1156,#1239,#237,.T.);
#1557=EDGE_CURVE('',#1237,#1239,#238,.T.);
#1558=EDGE_CURVE('',#1240,#1149,#239,.T.);
#1559=EDGE_CURVE('',#1240,#1238,#240,.T.);
#1560=EDGE_CURVE('',#1241,#1241,#241,.T.);
#1561=EDGE_CURVE('',#1242,#1243,#242,.T.);
#1562=EDGE_CURVE('',#1242,#1244,#833,.T.);
#1563=EDGE_CURVE('',#1244,#1244,#243,.T.);
#1564=EDGE_CURVE('',#1243,#1242,#244,.T.);
#1565=EDGE_CURVE('',#1241,#1243,#834,.T.);
#1566=EDGE_CURVE('',#1240,#1245,#835,.T.);
#1567=EDGE_CURVE('',#1245,#1148,#245,.T.);
#1568=EDGE_CURVE('',#1161,#1246,#246,.T.);
#1569=EDGE_CURVE('',#1246,#1239,#836,.T.);
#1570=EDGE_CURVE('',#1245,#1247,#247,.T.);
#1571=EDGE_CURVE('',#1248,#1246,#248,.T.);
#1572=EDGE_CURVE('',#1247,#1248,#837,.T.);
#1573=EDGE_CURVE('',#1199,#1248,#249,.T.);
#1574=EDGE_CURVE('',#1247,#1198,#250,.T.);
#1575=EDGE_CURVE('',#1249,#1250,#838,.F.);
#1576=EDGE_CURVE('',#1250,#1251,#839,.F.);
#1577=EDGE_CURVE('',#1252,#1251,#840,.T.);
#1578=EDGE_CURVE('',#1252,#1249,#841,.F.);
#1579=EDGE_CURVE('',#1165,#1250,#842,.T.);
#1580=EDGE_CURVE('',#1163,#1249,#843,.F.);
#1581=EDGE_CURVE('',#1164,#1251,#844,.F.);
#1582=EDGE_CURVE('',#1162,#1252,#845,.T.);
#1583=EDGE_CURVE('',#1253,#1253,#251,.T.);
#1584=EDGE_CURVE('',#1253,#1254,#846,.T.);
#1585=EDGE_CURVE('',#1254,#1254,#252,.T.);
#1586=EDGE_CURVE('',#1255,#1256,#847,.T.);
#1587=EDGE_CURVE('',#1255,#1257,#848,.T.);
#1588=EDGE_CURVE('',#1257,#1258,#849,.T.);
#1589=EDGE_CURVE('',#1256,#1258,#850,.T.);
#1590=EDGE_CURVE('',#1259,#1255,#851,.T.);
#1591=EDGE_CURVE('',#1259,#1260,#852,.T.);
#1592=EDGE_CURVE('',#1260,#1257,#853,.T.);
#1593=EDGE_CURVE('',#1261,#1259,#854,.T.);
#1594=EDGE_CURVE('',#1262,#1261,#855,.T.);
#1595=EDGE_CURVE('',#1262,#1260,#856,.T.);
#1596=EDGE_CURVE('',#1258,#1262,#253,.T.);
#1597=EDGE_CURVE('',#1256,#1263,#254,.T.);
#1598=EDGE_CURVE('',#1263,#1261,#255,.T.);
#1599=EDGE_CURVE('',#1264,#1264,#256,.T.);
#1600=EDGE_CURVE('',#1265,#1265,#257,.T.);
#1601=EDGE_CURVE('',#1266,#1266,#258,.T.);
#1602=EDGE_CURVE('',#1267,#1267,#259,.T.);
#1603=EDGE_CURVE('',#1268,#1268,#260,.T.);
#1604=EDGE_CURVE('',#1269,#1270,#857,.T.);
#1605=EDGE_CURVE('',#1269,#1271,#858,.T.);
#1606=EDGE_CURVE('',#1271,#1272,#859,.T.);
#1607=EDGE_CURVE('',#1270,#1272,#860,.T.);
#1608=EDGE_CURVE('',#1273,#1269,#861,.T.);
#1609=EDGE_CURVE('',#1273,#1274,#862,.T.);
#1610=EDGE_CURVE('',#1274,#1271,#863,.T.);
#1611=EDGE_CURVE('',#1275,#1273,#864,.T.);
#1612=EDGE_CURVE('',#1275,#1276,#865,.T.);
#1613=EDGE_CURVE('',#1276,#1274,#866,.T.);
#1614=EDGE_CURVE('',#1277,#1275,#867,.T.);
#1615=EDGE_CURVE('',#1277,#1278,#868,.T.);
#1616=EDGE_CURVE('',#1278,#1276,#869,.T.);
#1617=EDGE_CURVE('',#1279,#1277,#870,.T.);
#1618=EDGE_CURVE('',#1279,#1280,#871,.T.);
#1619=EDGE_CURVE('',#1280,#1278,#872,.T.);
#1620=EDGE_CURVE('',#1270,#1279,#873,.T.);
#1621=EDGE_CURVE('',#1272,#1280,#874,.T.);
#1622=EDGE_CURVE('',#1281,#1281,#261,.T.);
#1623=EDGE_CURVE('',#1281,#1282,#875,.T.);
#1624=EDGE_CURVE('',#1282,#1282,#262,.T.);
#1625=EDGE_CURVE('',#1283,#1283,#263,.T.);
#1626=EDGE_CURVE('',#1283,#1266,#876,.T.);
#1627=EDGE_CURVE('',#1284,#1284,#264,.T.);
#1628=EDGE_CURVE('',#1284,#1267,#877,.T.);
#1629=EDGE_CURVE('',#1285,#1285,#265,.T.);
#1630=EDGE_CURVE('',#1285,#1268,#878,.T.);
#1631=EDGE_CURVE('',#1286,#1286,#266,.T.);
#1632=EDGE_CURVE('',#1286,#1265,#879,.T.);
#1633=EDGE_CURVE('',#1287,#1287,#267,.T.);
#1634=EDGE_CURVE('',#1287,#1264,#880,.T.);
#1635=EDGE_CURVE('',#1288,#1288,#268,.T.);
#1636=EDGE_CURVE('',#1288,#1263,#881,.T.);
#1637=ORIENTED_EDGE('',*,*,#1289,.F.);
#1638=ORIENTED_EDGE('',*,*,#1290,.T.);
#1639=ORIENTED_EDGE('',*,*,#1291,.T.);
#1640=ORIENTED_EDGE('',*,*,#1292,.F.);
#1641=ORIENTED_EDGE('',*,*,#1293,.F.);
#1642=ORIENTED_EDGE('',*,*,#1294,.T.);
#1643=ORIENTED_EDGE('',*,*,#1295,.T.);
#1644=ORIENTED_EDGE('',*,*,#1290,.F.);
#1645=ORIENTED_EDGE('',*,*,#1296,.F.);
#1646=ORIENTED_EDGE('',*,*,#1297,.T.);
#1647=ORIENTED_EDGE('',*,*,#1298,.T.);
#1648=ORIENTED_EDGE('',*,*,#1294,.F.);
#1649=ORIENTED_EDGE('',*,*,#1299,.F.);
#1650=ORIENTED_EDGE('',*,*,#1300,.T.);
#1651=ORIENTED_EDGE('',*,*,#1301,.T.);
#1652=ORIENTED_EDGE('',*,*,#1297,.F.);
#1653=ORIENTED_EDGE('',*,*,#1302,.F.);
#1654=ORIENTED_EDGE('',*,*,#1303,.T.);
#1655=ORIENTED_EDGE('',*,*,#1304,.T.);
#1656=ORIENTED_EDGE('',*,*,#1300,.F.);
#1657=ORIENTED_EDGE('',*,*,#1305,.F.);
#1658=ORIENTED_EDGE('',*,*,#1292,.T.);
#1659=ORIENTED_EDGE('',*,*,#1306,.T.);
#1660=ORIENTED_EDGE('',*,*,#1303,.F.);
#1661=ORIENTED_EDGE('',*,*,#1306,.F.);
#1662=ORIENTED_EDGE('',*,*,#1291,.F.);
#1663=ORIENTED_EDGE('',*,*,#1295,.F.);
#1664=ORIENTED_EDGE('',*,*,#1298,.F.);
#1665=ORIENTED_EDGE('',*,*,#1301,.F.);
#1666=ORIENTED_EDGE('',*,*,#1304,.F.);
#1667=ORIENTED_EDGE('',*,*,#1307,.F.);
#1668=ORIENTED_EDGE('',*,*,#1308,.T.);
#1669=ORIENTED_EDGE('',*,*,#1309,.F.);
#1670=ORIENTED_EDGE('',*,*,#1308,.F.);
#1671=ORIENTED_EDGE('',*,*,#1307,.T.);
#1672=ORIENTED_EDGE('',*,*,#1289,.T.);
#1673=ORIENTED_EDGE('',*,*,#1305,.T.);
#1674=ORIENTED_EDGE('',*,*,#1302,.T.);
#1675=ORIENTED_EDGE('',*,*,#1299,.T.);
#1676=ORIENTED_EDGE('',*,*,#1296,.T.);
#1677=ORIENTED_EDGE('',*,*,#1293,.T.);
#1678=ORIENTED_EDGE('',*,*,#1310,.F.);
#1679=ORIENTED_EDGE('',*,*,#1311,.T.);
#1680=ORIENTED_EDGE('',*,*,#1312,.F.);
#1681=ORIENTED_EDGE('',*,*,#1311,.F.);
#1682=ORIENTED_EDGE('',*,*,#1310,.T.);
#1683=ORIENTED_EDGE('',*,*,#1313,.F.);
#1684=ORIENTED_EDGE('',*,*,#1314,.T.);
#1685=ORIENTED_EDGE('',*,*,#1315,.T.);
#1686=ORIENTED_EDGE('',*,*,#1314,.F.);
#1687=ORIENTED_EDGE('',*,*,#1316,.F.);
#1688=ORIENTED_EDGE('',*,*,#1317,.T.);
#1689=ORIENTED_EDGE('',*,*,#1318,.T.);
#1690=ORIENTED_EDGE('',*,*,#1317,.F.);
#1691=ORIENTED_EDGE('',*,*,#1319,.F.);
#1692=ORIENTED_EDGE('',*,*,#1320,.T.);
#1693=ORIENTED_EDGE('',*,*,#1321,.T.);
#1694=ORIENTED_EDGE('',*,*,#1320,.F.);
#1695=ORIENTED_EDGE('',*,*,#1322,.F.);
#1696=ORIENTED_EDGE('',*,*,#1323,.T.);
#1697=ORIENTED_EDGE('',*,*,#1324,.T.);
#1698=ORIENTED_EDGE('',*,*,#1323,.F.);
#1699=ORIENTED_EDGE('',*,*,#1325,.F.);
#1700=ORIENTED_EDGE('',*,*,#1326,.T.);
#1701=ORIENTED_EDGE('',*,*,#1327,.T.);
#1702=ORIENTED_EDGE('',*,*,#1326,.F.);
#1703=ORIENTED_EDGE('',*,*,#1325,.T.);
#1704=ORIENTED_EDGE('',*,*,#1309,.T.);
#1705=ORIENTED_EDGE('',*,*,#1322,.T.);
#1706=ORIENTED_EDGE('',*,*,#1319,.T.);
#1707=ORIENTED_EDGE('',*,*,#1316,.T.);
#1708=ORIENTED_EDGE('',*,*,#1313,.T.);
#1709=ORIENTED_EDGE('',*,*,#1327,.F.);
#1710=ORIENTED_EDGE('',*,*,#1312,.T.);
#1711=ORIENTED_EDGE('',*,*,#1324,.F.);
#1712=ORIENTED_EDGE('',*,*,#1321,.F.);
#1713=ORIENTED_EDGE('',*,*,#1318,.F.);
#1714=ORIENTED_EDGE('',*,*,#1315,.F.);
#1715=ORIENTED_EDGE('',*,*,#1328,.F.);
#1716=ORIENTED_EDGE('',*,*,#1329,.T.);
#1717=ORIENTED_EDGE('',*,*,#1330,.T.);
#1718=ORIENTED_EDGE('',*,*,#1329,.F.);
#1719=ORIENTED_EDGE('',*,*,#1330,.F.);
#1720=ORIENTED_EDGE('',*,*,#1331,.F.);
#1721=ORIENTED_EDGE('',*,*,#1332,.T.);
#1722=ORIENTED_EDGE('',*,*,#1333,.T.);
#1723=ORIENTED_EDGE('',*,*,#1332,.F.);
#1724=ORIENTED_EDGE('',*,*,#1333,.F.);
#1725=ORIENTED_EDGE('',*,*,#1334,.T.);
#1726=ORIENTED_EDGE('',*,*,#1335,.T.);
#1727=ORIENTED_EDGE('',*,*,#1336,.F.);
#1728=ORIENTED_EDGE('',*,*,#1335,.F.);
#1729=ORIENTED_EDGE('',*,*,#1337,.F.);
#1730=ORIENTED_EDGE('',*,*,#1338,.T.);
#1731=ORIENTED_EDGE('',*,*,#1339,.F.);
#1732=ORIENTED_EDGE('',*,*,#1338,.F.);
#1733=ORIENTED_EDGE('',*,*,#1340,.F.);
#1734=ORIENTED_EDGE('',*,*,#1341,.T.);
#1735=ORIENTED_EDGE('',*,*,#1342,.F.);
#1736=ORIENTED_EDGE('',*,*,#1341,.F.);
#1737=ORIENTED_EDGE('',*,*,#1343,.T.);
#1738=ORIENTED_EDGE('',*,*,#1344,.T.);
#1739=ORIENTED_EDGE('',*,*,#1345,.F.);
#1740=ORIENTED_EDGE('',*,*,#1344,.F.);
#1741=ORIENTED_EDGE('',*,*,#1346,.T.);
#1742=ORIENTED_EDGE('',*,*,#1347,.T.);
#1743=ORIENTED_EDGE('',*,*,#1348,.T.);
#1744=ORIENTED_EDGE('',*,*,#1349,.T.);
#1745=ORIENTED_EDGE('',*,*,#1350,.T.);
#1746=ORIENTED_EDGE('',*,*,#1351,.F.);
#1747=ORIENTED_EDGE('',*,*,#1352,.F.);
#1748=ORIENTED_EDGE('',*,*,#1353,.F.);
#1749=ORIENTED_EDGE('',*,*,#1350,.F.);
#1750=ORIENTED_EDGE('',*,*,#1354,.T.);
#1751=ORIENTED_EDGE('',*,*,#1355,.T.);
#1752=ORIENTED_EDGE('',*,*,#1356,.F.);
#1753=ORIENTED_EDGE('',*,*,#1357,.T.);
#1754=ORIENTED_EDGE('',*,*,#1358,.T.);
#1755=ORIENTED_EDGE('',*,*,#1346,.F.);
#1756=ORIENTED_EDGE('',*,*,#1359,.F.);
#1757=ORIENTED_EDGE('',*,*,#1360,.T.);
#1758=ORIENTED_EDGE('',*,*,#1361,.T.);
#1759=ORIENTED_EDGE('',*,*,#1362,.F.);
#1760=ORIENTED_EDGE('',*,*,#1361,.F.);
#1761=ORIENTED_EDGE('',*,*,#1363,.F.);
#1762=ORIENTED_EDGE('',*,*,#1364,.F.);
#1763=ORIENTED_EDGE('',*,*,#1365,.F.);
#1764=ORIENTED_EDGE('',*,*,#1366,.T.);
#1765=ORIENTED_EDGE('',*,*,#1367,.T.);
#1766=ORIENTED_EDGE('',*,*,#1368,.T.);
#1767=ORIENTED_EDGE('',*,*,#1369,.F.);
#1768=ORIENTED_EDGE('',*,*,#1370,.F.);
#1769=ORIENTED_EDGE('',*,*,#1371,.F.);
#1770=ORIENTED_EDGE('',*,*,#1372,.F.);
#1771=ORIENTED_EDGE('',*,*,#1373,.F.);
#1772=ORIENTED_EDGE('',*,*,#1374,.F.);
#1773=ORIENTED_EDGE('',*,*,#1375,.F.);
#1774=ORIENTED_EDGE('',*,*,#1363,.T.);
#1775=ORIENTED_EDGE('',*,*,#1376,.T.);
#1776=ORIENTED_EDGE('',*,*,#1377,.T.);
#1777=ORIENTED_EDGE('',*,*,#1378,.T.);
#1778=ORIENTED_EDGE('',*,*,#1379,.T.);
#1779=ORIENTED_EDGE('',*,*,#1380,.T.);
#1780=ORIENTED_EDGE('',*,*,#1381,.T.);
#1781=ORIENTED_EDGE('',*,*,#1382,.T.);
#1782=ORIENTED_EDGE('',*,*,#1383,.F.);
#1783=ORIENTED_EDGE('',*,*,#1384,.T.);
#1784=ORIENTED_EDGE('',*,*,#1355,.F.);
#1785=ORIENTED_EDGE('',*,*,#1385,.T.);
#1786=ORIENTED_EDGE('',*,*,#1386,.F.);
#1787=ORIENTED_EDGE('',*,*,#1387,.T.);
#1788=ORIENTED_EDGE('',*,*,#1357,.F.);
#1789=ORIENTED_EDGE('',*,*,#1388,.F.);
#1790=ORIENTED_EDGE('',*,*,#1389,.T.);
#1791=ORIENTED_EDGE('',*,*,#1390,.F.);
#1792=ORIENTED_EDGE('',*,*,#1362,.T.);
#1793=ORIENTED_EDGE('',*,*,#1391,.F.);
#1794=ORIENTED_EDGE('',*,*,#1392,.F.);
#1795=ORIENTED_EDGE('',*,*,#1393,.F.);
#1796=ORIENTED_EDGE('',*,*,#1394,.F.);
#1797=ORIENTED_EDGE('',*,*,#1395,.F.);
#1798=ORIENTED_EDGE('',*,*,#1368,.F.);
#1799=ORIENTED_EDGE('',*,*,#1396,.T.);
#1800=ORIENTED_EDGE('',*,*,#1397,.T.);
#1801=ORIENTED_EDGE('',*,*,#1398,.T.);
#1802=ORIENTED_EDGE('',*,*,#1399,.T.);
#1803=ORIENTED_EDGE('',*,*,#1400,.T.);
#1804=ORIENTED_EDGE('',*,*,#1401,.T.);
#1805=ORIENTED_EDGE('',*,*,#1402,.T.);
#1806=ORIENTED_EDGE('',*,*,#1365,.T.);
#1807=ORIENTED_EDGE('',*,*,#1403,.F.);
#1808=ORIENTED_EDGE('',*,*,#1404,.F.);
#1809=ORIENTED_EDGE('',*,*,#1405,.F.);
#1810=ORIENTED_EDGE('',*,*,#1406,.F.);
#1811=ORIENTED_EDGE('',*,*,#1407,.F.);
#1812=ORIENTED_EDGE('',*,*,#1408,.T.);
#1813=ORIENTED_EDGE('',*,*,#1409,.F.);
#1814=ORIENTED_EDGE('',*,*,#1410,.F.);
#1815=ORIENTED_EDGE('',*,*,#1360,.F.);
#1816=ORIENTED_EDGE('',*,*,#1411,.T.);
#1817=ORIENTED_EDGE('',*,*,#1411,.F.);
#1818=ORIENTED_EDGE('',*,*,#1412,.T.);
#1819=ORIENTED_EDGE('',*,*,#1384,.F.);
#1820=ORIENTED_EDGE('',*,*,#1412,.F.);
#1821=ORIENTED_EDGE('',*,*,#1413,.F.);
#1822=ORIENTED_EDGE('',*,*,#1414,.T.);
#1823=ORIENTED_EDGE('',*,*,#1415,.F.);
#1824=ORIENTED_EDGE('',*,*,#1416,.T.);
#1825=ORIENTED_EDGE('',*,*,#1413,.T.);
#1826=ORIENTED_EDGE('',*,*,#1417,.T.);
#1827=ORIENTED_EDGE('',*,*,#1418,.T.);
#1828=ORIENTED_EDGE('',*,*,#1419,.F.);
#1829=ORIENTED_EDGE('',*,*,#1420,.T.);
#1830=ORIENTED_EDGE('',*,*,#1421,.T.);
#1831=ORIENTED_EDGE('',*,*,#1422,.T.);
#1832=ORIENTED_EDGE('',*,*,#1423,.T.);
#1833=ORIENTED_EDGE('',*,*,#1424,.F.);
#1834=ORIENTED_EDGE('',*,*,#1425,.T.);
#1835=ORIENTED_EDGE('',*,*,#1422,.F.);
#1836=ORIENTED_EDGE('',*,*,#1426,.T.);
#1837=ORIENTED_EDGE('',*,*,#1427,.F.);
#1838=ORIENTED_EDGE('',*,*,#1428,.T.);
#1839=ORIENTED_EDGE('',*,*,#1429,.F.);
#1840=ORIENTED_EDGE('',*,*,#1430,.F.);
#1841=ORIENTED_EDGE('',*,*,#1431,.F.);
#1842=ORIENTED_EDGE('',*,*,#1432,.F.);
#1843=ORIENTED_EDGE('',*,*,#1433,.T.);
#1844=ORIENTED_EDGE('',*,*,#1425,.F.);
#1845=ORIENTED_EDGE('',*,*,#1334,.F.);
#1846=ORIENTED_EDGE('',*,*,#1434,.F.);
#1847=ORIENTED_EDGE('',*,*,#1429,.T.);
#1848=ORIENTED_EDGE('',*,*,#1424,.T.);
#1849=ORIENTED_EDGE('',*,*,#1435,.T.);
#1850=ORIENTED_EDGE('',*,*,#1436,.F.);
#1851=ORIENTED_EDGE('',*,*,#1437,.T.);
#1852=ORIENTED_EDGE('',*,*,#1419,.T.);
#1853=ORIENTED_EDGE('',*,*,#1438,.T.);
#1854=ORIENTED_EDGE('',*,*,#1439,.F.);
#1855=ORIENTED_EDGE('',*,*,#1440,.T.);
#1856=ORIENTED_EDGE('',*,*,#1441,.T.);
#1857=ORIENTED_EDGE('',*,*,#1442,.F.);
#1858=ORIENTED_EDGE('',*,*,#1438,.F.);
#1859=ORIENTED_EDGE('',*,*,#1418,.F.);
#1860=ORIENTED_EDGE('',*,*,#1337,.T.);
#1861=ORIENTED_EDGE('',*,*,#1443,.F.);
#1862=ORIENTED_EDGE('',*,*,#1444,.F.);
#1863=ORIENTED_EDGE('',*,*,#1445,.F.);
#1864=ORIENTED_EDGE('',*,*,#1441,.F.);
#1865=ORIENTED_EDGE('',*,*,#1446,.T.);
#1866=ORIENTED_EDGE('',*,*,#1447,.F.);
#1867=ORIENTED_EDGE('',*,*,#1446,.F.);
#1868=ORIENTED_EDGE('',*,*,#1440,.F.);
#1869=ORIENTED_EDGE('',*,*,#1448,.T.);
#1870=ORIENTED_EDGE('',*,*,#1449,.F.);
#1871=ORIENTED_EDGE('',*,*,#1448,.F.);
#1872=ORIENTED_EDGE('',*,*,#1439,.T.);
#1873=ORIENTED_EDGE('',*,*,#1417,.F.);
#1874=ORIENTED_EDGE('',*,*,#1416,.F.);
#1875=ORIENTED_EDGE('',*,*,#1450,.F.);
#1876=ORIENTED_EDGE('',*,*,#1415,.T.);
#1877=ORIENTED_EDGE('',*,*,#1451,.T.);
#1878=ORIENTED_EDGE('',*,*,#1452,.F.);
#1879=ORIENTED_EDGE('',*,*,#1426,.F.);
#1880=ORIENTED_EDGE('',*,*,#1421,.F.);
#1881=ORIENTED_EDGE('',*,*,#1433,.F.);
#1882=ORIENTED_EDGE('',*,*,#1453,.T.);
#1883=ORIENTED_EDGE('',*,*,#1454,.F.);
#1884=ORIENTED_EDGE('',*,*,#1427,.T.);
#1885=ORIENTED_EDGE('',*,*,#1455,.T.);
#1886=ORIENTED_EDGE('',*,*,#1456,.F.);
#1887=ORIENTED_EDGE('',*,*,#1453,.F.);
#1888=ORIENTED_EDGE('',*,*,#1432,.T.);
#1889=ORIENTED_EDGE('',*,*,#1457,.T.);
#1890=ORIENTED_EDGE('',*,*,#1458,.F.);
#1891=ORIENTED_EDGE('',*,*,#1457,.F.);
#1892=ORIENTED_EDGE('',*,*,#1431,.T.);
#1893=ORIENTED_EDGE('',*,*,#1459,.F.);
#1894=ORIENTED_EDGE('',*,*,#1460,.F.);
#1895=ORIENTED_EDGE('',*,*,#1461,.F.);
#1896=ORIENTED_EDGE('',*,*,#1420,.F.);
#1897=ORIENTED_EDGE('',*,*,#1462,.F.);
#1898=ORIENTED_EDGE('',*,*,#1463,.F.);
#1899=ORIENTED_EDGE('',*,*,#1464,.F.);
#1900=ORIENTED_EDGE('',*,*,#1423,.F.);
#1901=ORIENTED_EDGE('',*,*,#1428,.F.);
#1902=ORIENTED_EDGE('',*,*,#1465,.F.);
#1903=ORIENTED_EDGE('',*,*,#1414,.F.);
#1904=ORIENTED_EDGE('',*,*,#1466,.F.);
#1905=ORIENTED_EDGE('',*,*,#1403,.T.);
#1906=ORIENTED_EDGE('',*,*,#1467,.F.);
#1907=ORIENTED_EDGE('',*,*,#1460,.T.);
#1908=ORIENTED_EDGE('',*,*,#1466,.T.);
#1909=ORIENTED_EDGE('',*,*,#1459,.T.);
#1910=ORIENTED_EDGE('',*,*,#1430,.T.);
#1911=ORIENTED_EDGE('',*,*,#1434,.T.);
#1912=ORIENTED_EDGE('',*,*,#1404,.T.);
#1913=ORIENTED_EDGE('',*,*,#1464,.T.);
#1914=ORIENTED_EDGE('',*,*,#1468,.F.);
#1915=ORIENTED_EDGE('',*,*,#1405,.T.);
#1916=ORIENTED_EDGE('',*,*,#1435,.F.);
#1917=ORIENTED_EDGE('',*,*,#1392,.T.);
#1918=ORIENTED_EDGE('',*,*,#1469,.F.);
#1919=ORIENTED_EDGE('',*,*,#1462,.T.);
#1920=ORIENTED_EDGE('',*,*,#1437,.F.);
#1921=ORIENTED_EDGE('',*,*,#1445,.T.);
#1922=ORIENTED_EDGE('',*,*,#1470,.T.);
#1923=ORIENTED_EDGE('',*,*,#1393,.T.);
#1924=ORIENTED_EDGE('',*,*,#1436,.T.);
#1925=ORIENTED_EDGE('',*,*,#1442,.T.);
#1926=ORIENTED_EDGE('',*,*,#1470,.F.);
#1927=ORIENTED_EDGE('',*,*,#1444,.T.);
#1928=ORIENTED_EDGE('',*,*,#1471,.F.);
#1929=ORIENTED_EDGE('',*,*,#1394,.T.);
#1930=ORIENTED_EDGE('',*,*,#1443,.T.);
#1931=ORIENTED_EDGE('',*,*,#1472,.T.);
#1932=ORIENTED_EDGE('',*,*,#1382,.F.);
#1933=ORIENTED_EDGE('',*,*,#1472,.F.);
#1934=ORIENTED_EDGE('',*,*,#1395,.T.);
#1935=ORIENTED_EDGE('',*,*,#1471,.T.);
#1936=ORIENTED_EDGE('',*,*,#1447,.T.);
#1937=ORIENTED_EDGE('',*,*,#1473,.T.);
#1938=ORIENTED_EDGE('',*,*,#1369,.T.);
#1939=ORIENTED_EDGE('',*,*,#1473,.F.);
#1940=ORIENTED_EDGE('',*,*,#1449,.T.);
#1941=ORIENTED_EDGE('',*,*,#1474,.T.);
#1942=ORIENTED_EDGE('',*,*,#1370,.T.);
#1943=ORIENTED_EDGE('',*,*,#1474,.F.);
#1944=ORIENTED_EDGE('',*,*,#1450,.T.);
#1945=ORIENTED_EDGE('',*,*,#1452,.T.);
#1946=ORIENTED_EDGE('',*,*,#1371,.T.);
#1947=ORIENTED_EDGE('',*,*,#1451,.F.);
#1948=ORIENTED_EDGE('',*,*,#1465,.T.);
#1949=ORIENTED_EDGE('',*,*,#1456,.T.);
#1950=ORIENTED_EDGE('',*,*,#1372,.T.);
#1951=ORIENTED_EDGE('',*,*,#1455,.F.);
#1952=ORIENTED_EDGE('',*,*,#1454,.T.);
#1953=ORIENTED_EDGE('',*,*,#1475,.T.);
#1954=ORIENTED_EDGE('',*,*,#1373,.T.);
#1955=ORIENTED_EDGE('',*,*,#1475,.F.);
#1956=ORIENTED_EDGE('',*,*,#1458,.T.);
#1957=ORIENTED_EDGE('',*,*,#1476,.T.);
#1958=ORIENTED_EDGE('',*,*,#1374,.T.);
#1959=ORIENTED_EDGE('',*,*,#1476,.F.);
#1960=ORIENTED_EDGE('',*,*,#1461,.T.);
#1961=ORIENTED_EDGE('',*,*,#1477,.T.);
#1962=ORIENTED_EDGE('',*,*,#1375,.T.);
#1963=ORIENTED_EDGE('',*,*,#1467,.T.);
#1964=ORIENTED_EDGE('',*,*,#1364,.T.);
#1965=ORIENTED_EDGE('',*,*,#1477,.F.);
#1966=ORIENTED_EDGE('',*,*,#1351,.T.);
#1967=ORIENTED_EDGE('',*,*,#1356,.T.);
#1968=ORIENTED_EDGE('',*,*,#1390,.T.);
#1969=ORIENTED_EDGE('',*,*,#1478,.T.);
#1970=ORIENTED_EDGE('',*,*,#1389,.F.);
#1971=ORIENTED_EDGE('',*,*,#1479,.F.);
#1972=ORIENTED_EDGE('',*,*,#1352,.T.);
#1973=ORIENTED_EDGE('',*,*,#1478,.F.);
#1974=ORIENTED_EDGE('',*,*,#1353,.T.);
#1975=ORIENTED_EDGE('',*,*,#1479,.T.);
#1976=ORIENTED_EDGE('',*,*,#1388,.T.);
#1977=ORIENTED_EDGE('',*,*,#1359,.T.);
#1978=ORIENTED_EDGE('',*,*,#1480,.T.);
#1979=ORIENTED_EDGE('',*,*,#1481,.F.);
#1980=ORIENTED_EDGE('',*,*,#1482,.T.);
#1981=ORIENTED_EDGE('',*,*,#1483,.F.);
#1982=ORIENTED_EDGE('',*,*,#1480,.F.);
#1983=ORIENTED_EDGE('',*,*,#1484,.F.);
#1984=ORIENTED_EDGE('',*,*,#1485,.T.);
#1985=ORIENTED_EDGE('',*,*,#1486,.F.);
#1986=ORIENTED_EDGE('',*,*,#1487,.F.);
#1987=ORIENTED_EDGE('',*,*,#1488,.F.);
#1988=ORIENTED_EDGE('',*,*,#1489,.F.);
#1989=ORIENTED_EDGE('',*,*,#1490,.T.);
#1990=ORIENTED_EDGE('',*,*,#1491,.F.);
#1991=ORIENTED_EDGE('',*,*,#1492,.F.);
#1992=ORIENTED_EDGE('',*,*,#1492,.T.);
#1993=ORIENTED_EDGE('',*,*,#1493,.F.);
#1994=ORIENTED_EDGE('',*,*,#1494,.T.);
#1995=ORIENTED_EDGE('',*,*,#1495,.F.);
#1996=ORIENTED_EDGE('',*,*,#1496,.T.);
#1997=ORIENTED_EDGE('',*,*,#1489,.T.);
#1998=ORIENTED_EDGE('',*,*,#1497,.F.);
#1999=ORIENTED_EDGE('',*,*,#1498,.T.);
#2000=ORIENTED_EDGE('',*,*,#1499,.T.);
#2001=ORIENTED_EDGE('',*,*,#1500,.T.);
#2002=ORIENTED_EDGE('',*,*,#1340,.T.);
#2003=ORIENTED_EDGE('',*,*,#1501,.T.);
#2004=ORIENTED_EDGE('',*,*,#1502,.F.);
#2005=ORIENTED_EDGE('',*,*,#1490,.F.);
#2006=ORIENTED_EDGE('',*,*,#1496,.F.);
#2007=ORIENTED_EDGE('',*,*,#1503,.T.);
#2008=ORIENTED_EDGE('',*,*,#1504,.F.);
#2009=ORIENTED_EDGE('',*,*,#1485,.F.);
#2010=ORIENTED_EDGE('',*,*,#1505,.F.);
#2011=ORIENTED_EDGE('',*,*,#1506,.T.);
#2012=ORIENTED_EDGE('',*,*,#1486,.T.);
#2013=ORIENTED_EDGE('',*,*,#1504,.T.);
#2014=ORIENTED_EDGE('',*,*,#1507,.T.);
#2015=ORIENTED_EDGE('',*,*,#1508,.F.);
#2016=ORIENTED_EDGE('',*,*,#1509,.F.);
#2017=ORIENTED_EDGE('',*,*,#1343,.F.);
#2018=ORIENTED_EDGE('',*,*,#1510,.T.);
#2019=ORIENTED_EDGE('',*,*,#1511,.T.);
#2020=ORIENTED_EDGE('',*,*,#1512,.T.);
#2021=ORIENTED_EDGE('',*,*,#1513,.F.);
#2022=ORIENTED_EDGE('',*,*,#1508,.T.);
#2023=ORIENTED_EDGE('',*,*,#1514,.T.);
#2024=ORIENTED_EDGE('',*,*,#1513,.T.);
#2025=ORIENTED_EDGE('',*,*,#1515,.T.);
#2026=ORIENTED_EDGE('',*,*,#1516,.F.);
#2027=ORIENTED_EDGE('',*,*,#1509,.T.);
#2028=ORIENTED_EDGE('',*,*,#1516,.T.);
#2029=ORIENTED_EDGE('',*,*,#1517,.T.);
#2030=ORIENTED_EDGE('',*,*,#1481,.T.);
#2031=ORIENTED_EDGE('',*,*,#1487,.T.);
#2032=ORIENTED_EDGE('',*,*,#1506,.F.);
#2033=ORIENTED_EDGE('',*,*,#1482,.F.);
#2034=ORIENTED_EDGE('',*,*,#1518,.T.);
#2035=ORIENTED_EDGE('',*,*,#1519,.F.);
#2036=ORIENTED_EDGE('',*,*,#1495,.T.);
#2037=ORIENTED_EDGE('',*,*,#1520,.T.);
#2038=ORIENTED_EDGE('',*,*,#1521,.F.);
#2039=ORIENTED_EDGE('',*,*,#1497,.T.);
#2040=ORIENTED_EDGE('',*,*,#1488,.T.);
#2041=ORIENTED_EDGE('',*,*,#1494,.F.);
#2042=ORIENTED_EDGE('',*,*,#1522,.T.);
#2043=ORIENTED_EDGE('',*,*,#1523,.F.);
#2044=ORIENTED_EDGE('',*,*,#1521,.T.);
#2045=ORIENTED_EDGE('',*,*,#1524,.T.);
#2046=ORIENTED_EDGE('',*,*,#1525,.F.);
#2047=ORIENTED_EDGE('',*,*,#1498,.F.);
#2048=ORIENTED_EDGE('',*,*,#1525,.T.);
#2049=ORIENTED_EDGE('',*,*,#1526,.T.);
#2050=ORIENTED_EDGE('',*,*,#1527,.T.);
#2051=ORIENTED_EDGE('',*,*,#1528,.T.);
#2052=ORIENTED_EDGE('',*,*,#1499,.F.);
#2053=ORIENTED_EDGE('',*,*,#1529,.T.);
#2054=ORIENTED_EDGE('',*,*,#1484,.T.);
#2055=ORIENTED_EDGE('',*,*,#1483,.T.);
#2056=ORIENTED_EDGE('',*,*,#1530,.T.);
#2057=ORIENTED_EDGE('',*,*,#1493,.T.);
#2058=ORIENTED_EDGE('',*,*,#1491,.T.);
#2059=ORIENTED_EDGE('',*,*,#1531,.T.);
#2060=ORIENTED_EDGE('',*,*,#1532,.T.);
#2061=ORIENTED_EDGE('',*,*,#1533,.T.);
#2062=ORIENTED_EDGE('',*,*,#1527,.F.);
#2063=ORIENTED_EDGE('',*,*,#1534,.T.);
#2064=ORIENTED_EDGE('',*,*,#1402,.F.);
#2065=ORIENTED_EDGE('',*,*,#1533,.F.);
#2066=ORIENTED_EDGE('',*,*,#1401,.F.);
#2067=ORIENTED_EDGE('',*,*,#1501,.F.);
#2068=ORIENTED_EDGE('',*,*,#1500,.F.);
#2069=ORIENTED_EDGE('',*,*,#1528,.F.);
#2070=ORIENTED_EDGE('',*,*,#1535,.T.);
#2071=ORIENTED_EDGE('',*,*,#1531,.F.);
#2072=ORIENTED_EDGE('',*,*,#1502,.T.);
#2073=ORIENTED_EDGE('',*,*,#1400,.F.);
#2074=ORIENTED_EDGE('',*,*,#1536,.T.);
#2075=ORIENTED_EDGE('',*,*,#1399,.F.);
#2076=ORIENTED_EDGE('',*,*,#1505,.T.);
#2077=ORIENTED_EDGE('',*,*,#1529,.F.);
#2078=ORIENTED_EDGE('',*,*,#1514,.F.);
#2079=ORIENTED_EDGE('',*,*,#1507,.F.);
#2080=ORIENTED_EDGE('',*,*,#1503,.F.);
#2081=ORIENTED_EDGE('',*,*,#1398,.F.);
#2082=ORIENTED_EDGE('',*,*,#1537,.F.);
#2083=ORIENTED_EDGE('',*,*,#1537,.T.);
#2084=ORIENTED_EDGE('',*,*,#1397,.F.);
#2085=ORIENTED_EDGE('',*,*,#1538,.T.);
#2086=ORIENTED_EDGE('',*,*,#1511,.F.);
#2087=ORIENTED_EDGE('',*,*,#1510,.F.);
#2088=ORIENTED_EDGE('',*,*,#1539,.T.);
#2089=ORIENTED_EDGE('',*,*,#1383,.T.);
#2090=ORIENTED_EDGE('',*,*,#1539,.F.);
#2091=ORIENTED_EDGE('',*,*,#1396,.F.);
#2092=ORIENTED_EDGE('',*,*,#1367,.F.);
#2093=ORIENTED_EDGE('',*,*,#1540,.F.);
#2094=ORIENTED_EDGE('',*,*,#1512,.F.);
#2095=ORIENTED_EDGE('',*,*,#1538,.F.);
#2096=ORIENTED_EDGE('',*,*,#1540,.T.);
#2097=ORIENTED_EDGE('',*,*,#1381,.F.);
#2098=ORIENTED_EDGE('',*,*,#1541,.F.);
#2099=ORIENTED_EDGE('',*,*,#1515,.F.);
#2100=ORIENTED_EDGE('',*,*,#1541,.T.);
#2101=ORIENTED_EDGE('',*,*,#1380,.F.);
#2102=ORIENTED_EDGE('',*,*,#1518,.F.);
#2103=ORIENTED_EDGE('',*,*,#1517,.F.);
#2104=ORIENTED_EDGE('',*,*,#1519,.T.);
#2105=ORIENTED_EDGE('',*,*,#1379,.F.);
#2106=ORIENTED_EDGE('',*,*,#1522,.F.);
#2107=ORIENTED_EDGE('',*,*,#1530,.F.);
#2108=ORIENTED_EDGE('',*,*,#1523,.T.);
#2109=ORIENTED_EDGE('',*,*,#1378,.F.);
#2110=ORIENTED_EDGE('',*,*,#1542,.F.);
#2111=ORIENTED_EDGE('',*,*,#1520,.F.);
#2112=ORIENTED_EDGE('',*,*,#1542,.T.);
#2113=ORIENTED_EDGE('',*,*,#1377,.F.);
#2114=ORIENTED_EDGE('',*,*,#1543,.F.);
#2115=ORIENTED_EDGE('',*,*,#1524,.F.);
#2116=ORIENTED_EDGE('',*,*,#1543,.T.);
#2117=ORIENTED_EDGE('',*,*,#1376,.F.);
#2118=ORIENTED_EDGE('',*,*,#1544,.F.);
#2119=ORIENTED_EDGE('',*,*,#1526,.F.);
#2120=ORIENTED_EDGE('',*,*,#1534,.F.);
#2121=ORIENTED_EDGE('',*,*,#1544,.T.);
#2122=ORIENTED_EDGE('',*,*,#1366,.F.);
#2123=ORIENTED_EDGE('',*,*,#1349,.F.);
#2124=ORIENTED_EDGE('',*,*,#1545,.F.);
#2125=ORIENTED_EDGE('',*,*,#1385,.F.);
#2126=ORIENTED_EDGE('',*,*,#1354,.F.);
#2127=ORIENTED_EDGE('',*,*,#1386,.T.);
#2128=ORIENTED_EDGE('',*,*,#1545,.T.);
#2129=ORIENTED_EDGE('',*,*,#1348,.F.);
#2130=ORIENTED_EDGE('',*,*,#1546,.T.);
#2131=ORIENTED_EDGE('',*,*,#1347,.F.);
#2132=ORIENTED_EDGE('',*,*,#1358,.F.);
#2133=ORIENTED_EDGE('',*,*,#1387,.F.);
#2134=ORIENTED_EDGE('',*,*,#1546,.F.);
#2135=ORIENTED_EDGE('',*,*,#1547,.T.);
#2136=ORIENTED_EDGE('',*,*,#1547,.F.);
#2137=ORIENTED_EDGE('',*,*,#1548,.T.);
#2138=ORIENTED_EDGE('',*,*,#1549,.F.);
#2139=ORIENTED_EDGE('',*,*,#1548,.F.);
#2140=ORIENTED_EDGE('',*,*,#1345,.T.);
#2141=ORIENTED_EDGE('',*,*,#1549,.T.);
#2142=ORIENTED_EDGE('',*,*,#1342,.T.);
#2143=ORIENTED_EDGE('',*,*,#1550,.F.);
#2144=ORIENTED_EDGE('',*,*,#1550,.T.);
#2145=ORIENTED_EDGE('',*,*,#1551,.T.);
#2146=ORIENTED_EDGE('',*,*,#1552,.T.);
#2147=ORIENTED_EDGE('',*,*,#1551,.F.);
#2148=ORIENTED_EDGE('',*,*,#1339,.T.);
#2149=ORIENTED_EDGE('',*,*,#1552,.F.);
#2150=ORIENTED_EDGE('',*,*,#1336,.T.);
#2151=ORIENTED_EDGE('',*,*,#1553,.T.);
#2152=ORIENTED_EDGE('',*,*,#1554,.F.);
#2153=ORIENTED_EDGE('',*,*,#1555,.T.);
#2154=ORIENTED_EDGE('',*,*,#1532,.F.);
#2155=ORIENTED_EDGE('',*,*,#1556,.T.);
#2156=ORIENTED_EDGE('',*,*,#1557,.F.);
#2157=ORIENTED_EDGE('',*,*,#1553,.F.);
#2158=ORIENTED_EDGE('',*,*,#1535,.F.);
#2159=ORIENTED_EDGE('',*,*,#1558,.T.);
#2160=ORIENTED_EDGE('',*,*,#1536,.F.);
#2161=ORIENTED_EDGE('',*,*,#1555,.F.);
#2162=ORIENTED_EDGE('',*,*,#1559,.F.);
#2163=ORIENTED_EDGE('',*,*,#1560,.T.);
#2164=ORIENTED_EDGE('',*,*,#1561,.F.);
#2165=ORIENTED_EDGE('',*,*,#1562,.T.);
#2166=ORIENTED_EDGE('',*,*,#1563,.F.);
#2167=ORIENTED_EDGE('',*,*,#1562,.F.);
#2168=ORIENTED_EDGE('',*,*,#1564,.F.);
#2169=ORIENTED_EDGE('',*,*,#1560,.F.);
#2170=ORIENTED_EDGE('',*,*,#1565,.T.);
#2171=ORIENTED_EDGE('',*,*,#1564,.T.);
#2172=ORIENTED_EDGE('',*,*,#1561,.T.);
#2173=ORIENTED_EDGE('',*,*,#1565,.F.);
#2174=ORIENTED_EDGE('',*,*,#1566,.T.);
#2175=ORIENTED_EDGE('',*,*,#1567,.T.);
#2176=ORIENTED_EDGE('',*,*,#1391,.T.);
#2177=ORIENTED_EDGE('',*,*,#1558,.F.);
#2178=ORIENTED_EDGE('',*,*,#1406,.T.);
#2179=ORIENTED_EDGE('',*,*,#1568,.T.);
#2180=ORIENTED_EDGE('',*,*,#1569,.T.);
#2181=ORIENTED_EDGE('',*,*,#1556,.F.);
#2182=ORIENTED_EDGE('',*,*,#1570,.F.);
#2183=ORIENTED_EDGE('',*,*,#1566,.F.);
#2184=ORIENTED_EDGE('',*,*,#1559,.T.);
#2185=ORIENTED_EDGE('',*,*,#1554,.T.);
#2186=ORIENTED_EDGE('',*,*,#1557,.T.);
#2187=ORIENTED_EDGE('',*,*,#1569,.F.);
#2188=ORIENTED_EDGE('',*,*,#1571,.F.);
#2189=ORIENTED_EDGE('',*,*,#1572,.F.);
#2190=ORIENTED_EDGE('',*,*,#1563,.T.);
#2191=ORIENTED_EDGE('',*,*,#1331,.T.);
#2192=ORIENTED_EDGE('',*,*,#1328,.T.);
#2193=ORIENTED_EDGE('',*,*,#1573,.F.);
#2194=ORIENTED_EDGE('',*,*,#1463,.T.);
#2195=ORIENTED_EDGE('',*,*,#1574,.F.);
#2196=ORIENTED_EDGE('',*,*,#1572,.T.);
#2197=ORIENTED_EDGE('',*,*,#1568,.F.);
#2198=ORIENTED_EDGE('',*,*,#1468,.T.);
#2199=ORIENTED_EDGE('',*,*,#1573,.T.);
#2200=ORIENTED_EDGE('',*,*,#1571,.T.);
#2201=ORIENTED_EDGE('',*,*,#1567,.F.);
#2202=ORIENTED_EDGE('',*,*,#1570,.T.);
#2203=ORIENTED_EDGE('',*,*,#1574,.T.);
#2204=ORIENTED_EDGE('',*,*,#1469,.T.);
#2205=ORIENTED_EDGE('',*,*,#1575,.T.);
#2206=ORIENTED_EDGE('',*,*,#1576,.T.);
#2207=ORIENTED_EDGE('',*,*,#1577,.F.);
#2208=ORIENTED_EDGE('',*,*,#1578,.T.);
#2209=ORIENTED_EDGE('',*,*,#1410,.T.);
#2210=ORIENTED_EDGE('',*,*,#1579,.T.);
#2211=ORIENTED_EDGE('',*,*,#1575,.F.);
#2212=ORIENTED_EDGE('',*,*,#1580,.F.);
#2213=ORIENTED_EDGE('',*,*,#1409,.T.);
#2214=ORIENTED_EDGE('',*,*,#1581,.T.);
#2215=ORIENTED_EDGE('',*,*,#1576,.F.);
#2216=ORIENTED_EDGE('',*,*,#1579,.F.);
#2217=ORIENTED_EDGE('',*,*,#1408,.F.);
#2218=ORIENTED_EDGE('',*,*,#1582,.T.);
#2219=ORIENTED_EDGE('',*,*,#1577,.T.);
#2220=ORIENTED_EDGE('',*,*,#1581,.F.);
#2221=ORIENTED_EDGE('',*,*,#1407,.T.);
#2222=ORIENTED_EDGE('',*,*,#1580,.T.);
#2223=ORIENTED_EDGE('',*,*,#1578,.F.);
#2224=ORIENTED_EDGE('',*,*,#1582,.F.);
#2225=ORIENTED_EDGE('',*,*,#1583,.F.);
#2226=ORIENTED_EDGE('',*,*,#1584,.T.);
#2227=ORIENTED_EDGE('',*,*,#1585,.T.);
#2228=ORIENTED_EDGE('',*,*,#1584,.F.);
#2229=ORIENTED_EDGE('',*,*,#1585,.F.);
#2230=ORIENTED_EDGE('',*,*,#1586,.F.);
#2231=ORIENTED_EDGE('',*,*,#1587,.T.);
#2232=ORIENTED_EDGE('',*,*,#1588,.T.);
#2233=ORIENTED_EDGE('',*,*,#1589,.F.);
#2234=ORIENTED_EDGE('',*,*,#1590,.F.);
#2235=ORIENTED_EDGE('',*,*,#1591,.T.);
#2236=ORIENTED_EDGE('',*,*,#1592,.T.);
#2237=ORIENTED_EDGE('',*,*,#1587,.F.);
#2238=ORIENTED_EDGE('',*,*,#1593,.F.);
#2239=ORIENTED_EDGE('',*,*,#1594,.F.);
#2240=ORIENTED_EDGE('',*,*,#1595,.T.);
#2241=ORIENTED_EDGE('',*,*,#1591,.F.);
#2242=ORIENTED_EDGE('',*,*,#1595,.F.);
#2243=ORIENTED_EDGE('',*,*,#1596,.F.);
#2244=ORIENTED_EDGE('',*,*,#1588,.F.);
#2245=ORIENTED_EDGE('',*,*,#1592,.F.);
#2246=ORIENTED_EDGE('',*,*,#1593,.T.);
#2247=ORIENTED_EDGE('',*,*,#1590,.T.);
#2248=ORIENTED_EDGE('',*,*,#1586,.T.);
#2249=ORIENTED_EDGE('',*,*,#1597,.T.);
#2250=ORIENTED_EDGE('',*,*,#1598,.T.);
#2251=ORIENTED_EDGE('',*,*,#1599,.T.);
#2252=ORIENTED_EDGE('',*,*,#1600,.T.);
#2253=ORIENTED_EDGE('',*,*,#1601,.F.);
#2254=ORIENTED_EDGE('',*,*,#1602,.T.);
#2255=ORIENTED_EDGE('',*,*,#1603,.T.);
#2256=ORIENTED_EDGE('',*,*,#1604,.F.);
#2257=ORIENTED_EDGE('',*,*,#1605,.T.);
#2258=ORIENTED_EDGE('',*,*,#1606,.T.);
#2259=ORIENTED_EDGE('',*,*,#1607,.F.);
#2260=ORIENTED_EDGE('',*,*,#1608,.F.);
#2261=ORIENTED_EDGE('',*,*,#1609,.T.);
#2262=ORIENTED_EDGE('',*,*,#1610,.T.);
#2263=ORIENTED_EDGE('',*,*,#1605,.F.);
#2264=ORIENTED_EDGE('',*,*,#1611,.F.);
#2265=ORIENTED_EDGE('',*,*,#1612,.T.);
#2266=ORIENTED_EDGE('',*,*,#1613,.T.);
#2267=ORIENTED_EDGE('',*,*,#1609,.F.);
#2268=ORIENTED_EDGE('',*,*,#1614,.F.);
#2269=ORIENTED_EDGE('',*,*,#1615,.T.);
#2270=ORIENTED_EDGE('',*,*,#1616,.T.);
#2271=ORIENTED_EDGE('',*,*,#1612,.F.);
#2272=ORIENTED_EDGE('',*,*,#1617,.F.);
#2273=ORIENTED_EDGE('',*,*,#1618,.T.);
#2274=ORIENTED_EDGE('',*,*,#1619,.T.);
#2275=ORIENTED_EDGE('',*,*,#1615,.F.);
#2276=ORIENTED_EDGE('',*,*,#1620,.F.);
#2277=ORIENTED_EDGE('',*,*,#1607,.T.);
#2278=ORIENTED_EDGE('',*,*,#1621,.T.);
#2279=ORIENTED_EDGE('',*,*,#1618,.F.);
#2280=ORIENTED_EDGE('',*,*,#1621,.F.);
#2281=ORIENTED_EDGE('',*,*,#1606,.F.);
#2282=ORIENTED_EDGE('',*,*,#1610,.F.);
#2283=ORIENTED_EDGE('',*,*,#1613,.F.);
#2284=ORIENTED_EDGE('',*,*,#1616,.F.);
#2285=ORIENTED_EDGE('',*,*,#1619,.F.);
#2286=ORIENTED_EDGE('',*,*,#1622,.F.);
#2287=ORIENTED_EDGE('',*,*,#1623,.T.);
#2288=ORIENTED_EDGE('',*,*,#1624,.F.);
#2289=ORIENTED_EDGE('',*,*,#1623,.F.);
#2290=ORIENTED_EDGE('',*,*,#1622,.T.);
#2291=ORIENTED_EDGE('',*,*,#1604,.T.);
#2292=ORIENTED_EDGE('',*,*,#1620,.T.);
#2293=ORIENTED_EDGE('',*,*,#1617,.T.);
#2294=ORIENTED_EDGE('',*,*,#1614,.T.);
#2295=ORIENTED_EDGE('',*,*,#1611,.T.);
#2296=ORIENTED_EDGE('',*,*,#1608,.T.);
#2297=ORIENTED_EDGE('',*,*,#1625,.F.);
#2298=ORIENTED_EDGE('',*,*,#1626,.T.);
#2299=ORIENTED_EDGE('',*,*,#1601,.T.);
#2300=ORIENTED_EDGE('',*,*,#1626,.F.);
#2301=ORIENTED_EDGE('',*,*,#1625,.T.);
#2302=ORIENTED_EDGE('',*,*,#1583,.T.);
#2303=ORIENTED_EDGE('',*,*,#1627,.F.);
#2304=ORIENTED_EDGE('',*,*,#1628,.T.);
#2305=ORIENTED_EDGE('',*,*,#1602,.F.);
#2306=ORIENTED_EDGE('',*,*,#1628,.F.);
#2307=ORIENTED_EDGE('',*,*,#1629,.F.);
#2308=ORIENTED_EDGE('',*,*,#1630,.T.);
#2309=ORIENTED_EDGE('',*,*,#1603,.F.);
#2310=ORIENTED_EDGE('',*,*,#1630,.F.);
#2311=ORIENTED_EDGE('',*,*,#1631,.F.);
#2312=ORIENTED_EDGE('',*,*,#1632,.T.);
#2313=ORIENTED_EDGE('',*,*,#1600,.F.);
#2314=ORIENTED_EDGE('',*,*,#1632,.F.);
#2315=ORIENTED_EDGE('',*,*,#1633,.F.);
#2316=ORIENTED_EDGE('',*,*,#1634,.T.);
#2317=ORIENTED_EDGE('',*,*,#1599,.F.);
#2318=ORIENTED_EDGE('',*,*,#1634,.F.);
#2319=ORIENTED_EDGE('',*,*,#1635,.F.);
#2320=ORIENTED_EDGE('',*,*,#1636,.T.);
#2321=ORIENTED_EDGE('',*,*,#1597,.F.);
#2322=ORIENTED_EDGE('',*,*,#1589,.T.);
#2323=ORIENTED_EDGE('',*,*,#1596,.T.);
#2324=ORIENTED_EDGE('',*,*,#1594,.T.);
#2325=ORIENTED_EDGE('',*,*,#1598,.F.);
#2326=ORIENTED_EDGE('',*,*,#1636,.F.);
#2327=ORIENTED_EDGE('',*,*,#1635,.T.);
#2328=ORIENTED_EDGE('',*,*,#1624,.T.);
#2329=ORIENTED_EDGE('',*,*,#1633,.T.);
#2330=ORIENTED_EDGE('',*,*,#1631,.T.);
#2331=ORIENTED_EDGE('',*,*,#1629,.T.);
#2332=ORIENTED_EDGE('',*,*,#1627,.T.);
#2333=PLANE('',#2598);
#2334=PLANE('',#2599);
#2335=PLANE('',#2600);
#2336=PLANE('',#2601);
#2337=PLANE('',#2602);
#2338=PLANE('',#2603);
#2339=PLANE('',#2604);
#2340=PLANE('',#2608);
#2341=PLANE('',#2612);
#2342=PLANE('',#2628);
#2343=PLANE('',#2629);
#2344=PLANE('',#2634);
#2345=PLANE('',#2638);
#2346=PLANE('',#2651);
#2347=PLANE('',#2656);
#2348=PLANE('',#2657);
#2349=PLANE('',#2664);
#2350=PLANE('',#2676);
#2351=PLANE('',#2679);
#2352=PLANE('',#2680);
#2353=PLANE('',#2681);
#2354=PLANE('',#2695);
#2355=PLANE('',#2703);
#2356=PLANE('',#2705);
#2357=PLANE('',#2707);
#2358=PLANE('',#2711);
#2359=PLANE('',#2714);
#2360=PLANE('',#2719);
#2361=PLANE('',#2721);
#2362=PLANE('',#2745);
#2363=PLANE('',#2757);
#2364=PLANE('',#2765);
#2365=PLANE('',#2767);
#2366=PLANE('',#2769);
#2367=PLANE('',#2773);
#2368=PLANE('',#2776);
#2369=PLANE('',#2781);
#2370=PLANE('',#2783);
#2371=PLANE('',#2807);
#2372=PLANE('',#2809);
#2373=PLANE('',#2813);
#2374=PLANE('',#2814);
#2375=PLANE('',#2815);
#2376=PLANE('',#2819);
#2377=PLANE('',#2820);
#2378=PLANE('',#2828);
#2379=PLANE('',#2839);
#2380=PLANE('',#2845);
#2381=PLANE('',#2846);
#2382=PLANE('',#2847);
#2383=PLANE('',#2848);
#2384=PLANE('',#2849);
#2385=PLANE('',#2854);
#2386=PLANE('',#2855);
#2387=PLANE('',#2856);
#2388=PLANE('',#2857);
#2389=PLANE('',#2858);
#2390=PLANE('',#2860);
#2391=PLANE('',#2868);
#2392=PLANE('',#2869);
#2393=PLANE('',#2870);
#2394=PLANE('',#2871);
#2395=PLANE('',#2872);
#2396=PLANE('',#2873);
#2397=PLANE('',#2874);
#2398=PLANE('',#2878);
#2399=PLANE('',#2881);
#2400=PLANE('',#2892);
#2401=ADVANCED_FACE('',(#339),#2333,.F.);
#2402=ADVANCED_FACE('',(#340),#2334,.F.);
#2403=ADVANCED_FACE('',(#341),#2335,.F.);
#2404=ADVANCED_FACE('',(#342),#2336,.F.);
#2405=ADVANCED_FACE('',(#343),#2337,.F.);
#2406=ADVANCED_FACE('',(#344),#2338,.F.);
#2407=ADVANCED_FACE('',(#345),#2339,.F.);
#2408=ADVANCED_FACE('',(#346),#269,.T.);
#2409=ADVANCED_FACE('',(#347,#94),#2340,.T.);
#2410=ADVANCED_FACE('',(#348),#270,.T.);
#2411=ADVANCED_FACE('',(#349),#2341,.T.);
#2412=ADVANCED_FACE('',(#350),#271,.F.);
#2413=ADVANCED_FACE('',(#351),#272,.F.);
#2414=ADVANCED_FACE('',(#352),#273,.F.);
#2415=ADVANCED_FACE('',(#353),#274,.F.);
#2416=ADVANCED_FACE('',(#354),#275,.T.);
#2417=ADVANCED_FACE('',(#355,#95,#96,#97,#98,#99),#2342,.T.);
#2418=ADVANCED_FACE('',(#356,#100,#101,#102,#103,#104),#2343,.F.);
#2419=ADVANCED_FACE('',(#357),#276,.F.);
#2420=ADVANCED_FACE('',(#358),#2344,.T.);
#2421=ADVANCED_FACE('',(#359),#277,.F.);
#2422=ADVANCED_FACE('',(#360),#2345,.T.);
#2423=ADVANCED_FACE('',(#361),#278,.F.);
#2424=ADVANCED_FACE('',(#362),#279,.F.);
#2425=ADVANCED_FACE('',(#363),#280,.F.);
#2426=ADVANCED_FACE('',(#364),#281,.F.);
#2427=ADVANCED_FACE('',(#365),#2346,.T.);
#2428=ADVANCED_FACE('',(#366),#2347,.F.);
#2429=ADVANCED_FACE('',(#367),#2348,.F.);
#2430=ADVANCED_FACE('',(#368),#282,.F.);
#2431=ADVANCED_FACE('',(#369),#283,.T.);
#2432=ADVANCED_FACE('',(#370,#105,#106,#107,#108,#109),#2349,.T.);
#2433=ADVANCED_FACE('',(#371),#2350,.F.);
#2434=ADVANCED_FACE('',(#372,#110),#2351,.F.);
#2435=ADVANCED_FACE('',(#373),#2352,.F.);
#2436=ADVANCED_FACE('',(#374),#2353,.T.);
#2437=ADVANCED_FACE('',(#375),#48,.F.);
#2438=ADVANCED_FACE('',(#376),#284,.T.);
#2439=ADVANCED_FACE('',(#377),#285,.T.);
#2440=ADVANCED_FACE('',(#378),#286,.T.);
#2441=ADVANCED_FACE('',(#379),#287,.T.);
#2442=ADVANCED_FACE('',(#380,#111),#2354,.T.);
#2443=ADVANCED_FACE('',(#381),#30,.F.);
#2444=ADVANCED_FACE('',(#382),#31,.F.);
#2445=ADVANCED_FACE('',(#383,#112),#2355,.T.);
#2446=ADVANCED_FACE('',(#384),#2356,.F.);
#2447=ADVANCED_FACE('',(#385),#2357,.T.);
#2448=ADVANCED_FACE('',(#386),#288,.F.);
#2449=ADVANCED_FACE('',(#387),#2358,.F.);
#2450=ADVANCED_FACE('',(#388),#24,.T.);
#2451=ADVANCED_FACE('',(#389),#2359,.T.);
#2452=ADVANCED_FACE('',(#390),#25,.T.);
#2453=ADVANCED_FACE('',(#391),#289,.F.);
#2454=ADVANCED_FACE('',(#392),#2360,.F.);
#2455=ADVANCED_FACE('',(#393),#2361,.F.);
#2456=ADVANCED_FACE('',(#394),#290,.T.);
#2457=ADVANCED_FACE('',(#395),#291,.T.);
#2458=ADVANCED_FACE('',(#396),#292,.T.);
#2459=ADVANCED_FACE('',(#397),#293,.T.);
#2460=ADVANCED_FACE('',(#398),#294,.T.);
#2461=ADVANCED_FACE('',(#399),#295,.T.);
#2462=ADVANCED_FACE('',(#400),#296,.F.);
#2463=ADVANCED_FACE('',(#401),#297,.T.);
#2464=ADVANCED_FACE('',(#402),#49,.T.);
#2465=ADVANCED_FACE('',(#403),#298,.T.);
#2466=ADVANCED_FACE('',(#404),#299,.T.);
#2467=ADVANCED_FACE('',(#405),#300,.T.);
#2468=ADVANCED_FACE('',(#406),#50,.T.);
#2469=ADVANCED_FACE('',(#407),#301,.T.);
#2470=ADVANCED_FACE('',(#408),#26,.T.);
#2471=ADVANCED_FACE('',(#409),#302,.F.);
#2472=ADVANCED_FACE('',(#410),#2362,.F.);
#2473=ADVANCED_FACE('',(#411),#303,.F.);
#2474=ADVANCED_FACE('',(#412),#304,.T.);
#2475=ADVANCED_FACE('',(#413),#305,.T.);
#2476=ADVANCED_FACE('',(#414),#306,.T.);
#2477=ADVANCED_FACE('',(#415),#307,.T.);
#2478=ADVANCED_FACE('',(#416,#113),#2363,.T.);
#2479=ADVANCED_FACE('',(#417),#32,.F.);
#2480=ADVANCED_FACE('',(#418),#33,.F.);
#2481=ADVANCED_FACE('',(#419,#114),#2364,.T.);
#2482=ADVANCED_FACE('',(#420),#2365,.F.);
#2483=ADVANCED_FACE('',(#421),#2366,.T.);
#2484=ADVANCED_FACE('',(#422),#308,.F.);
#2485=ADVANCED_FACE('',(#423),#2367,.F.);
#2486=ADVANCED_FACE('',(#424),#27,.T.);
#2487=ADVANCED_FACE('',(#425),#2368,.T.);
#2488=ADVANCED_FACE('',(#426),#28,.T.);
#2489=ADVANCED_FACE('',(#427),#309,.F.);
#2490=ADVANCED_FACE('',(#428),#2369,.F.);
#2491=ADVANCED_FACE('',(#429),#2370,.F.);
#2492=ADVANCED_FACE('',(#430),#310,.T.);
#2493=ADVANCED_FACE('',(#431),#311,.T.);
#2494=ADVANCED_FACE('',(#432),#312,.T.);
#2495=ADVANCED_FACE('',(#433),#313,.T.);
#2496=ADVANCED_FACE('',(#434),#314,.T.);
#2497=ADVANCED_FACE('',(#435),#315,.T.);
#2498=ADVANCED_FACE('',(#436),#316,.F.);
#2499=ADVANCED_FACE('',(#437),#317,.T.);
#2500=ADVANCED_FACE('',(#438),#51,.T.);
#2501=ADVANCED_FACE('',(#439),#318,.T.);
#2502=ADVANCED_FACE('',(#440),#319,.T.);
#2503=ADVANCED_FACE('',(#441),#320,.T.);
#2504=ADVANCED_FACE('',(#442),#52,.T.);
#2505=ADVANCED_FACE('',(#443),#321,.T.);
#2506=ADVANCED_FACE('',(#444),#29,.T.);
#2507=ADVANCED_FACE('',(#445),#322,.F.);
#2508=ADVANCED_FACE('',(#446),#2371,.F.);
#2509=ADVANCED_FACE('',(#447),#323,.F.);
#2510=ADVANCED_FACE('',(#448),#2372,.T.);
#2511=ADVANCED_FACE('',(#449),#324,.F.);
#2512=ADVANCED_FACE('',(#450,#115),#2373,.F.);
#2513=ADVANCED_FACE('',(#451),#2374,.F.);
#2514=ADVANCED_FACE('',(#452),#2375,.T.);
#2515=ADVANCED_FACE('',(#453),#325,.F.);
#2516=ADVANCED_FACE('',(#454,#116),#2376,.F.);
#2517=ADVANCED_FACE('',(#455),#2377,.F.);
#2518=ADVANCED_FACE('',(#456),#326,.T.);
#2519=ADVANCED_FACE('',(#457),#34,.F.);
#2520=ADVANCED_FACE('',(#458),#35,.F.);
#2521=ADVANCED_FACE('',(#459),#2378,.T.);
#2522=ADVANCED_FACE('',(#460),#23,.F.);
#2523=ADVANCED_FACE('',(#461),#327,.F.);
#2524=ADVANCED_FACE('',(#462),#328,.T.);
#2525=ADVANCED_FACE('',(#463),#329,.T.);
#2526=ADVANCED_FACE('',(#464,#117,#118,#119),#2379,.T.);
#2527=ADVANCED_FACE('',(#465),#330,.T.);
#2528=ADVANCED_FACE('',(#466),#36,.F.);
#2529=ADVANCED_FACE('',(#467),#37,.F.);
#2530=ADVANCED_FACE('',(#468),#2380,.F.);
#2531=ADVANCED_FACE('',(#469),#2381,.T.);
#2532=ADVANCED_FACE('',(#470),#2382,.T.);
#2533=ADVANCED_FACE('',(#471),#2383,.T.);
#2534=ADVANCED_FACE('',(#472),#2384,.T.);
#2535=ADVANCED_FACE('',(#473),#331,.F.);
#2536=ADVANCED_FACE('',(#474),#2385,.T.);
#2537=ADVANCED_FACE('',(#475),#2386,.F.);
#2538=ADVANCED_FACE('',(#476),#2387,.F.);
#2539=ADVANCED_FACE('',(#477),#2388,.F.);
#2540=ADVANCED_FACE('',(#478),#2389,.T.);
#2541=ADVANCED_FACE('',(#479,#120,#121,#122,#123,#124),#2390,.T.);
#2542=ADVANCED_FACE('',(#480),#2391,.F.);
#2543=ADVANCED_FACE('',(#481),#2392,.F.);
#2544=ADVANCED_FACE('',(#482),#2393,.F.);
#2545=ADVANCED_FACE('',(#483),#2394,.F.);
#2546=ADVANCED_FACE('',(#484),#2395,.F.);
#2547=ADVANCED_FACE('',(#485),#2396,.F.);
#2548=ADVANCED_FACE('',(#486),#2397,.F.);
#2549=ADVANCED_FACE('',(#487),#332,.T.);
#2550=ADVANCED_FACE('',(#488,#125),#2398,.T.);
#2551=ADVANCED_FACE('',(#489),#333,.T.);
#2552=ADVANCED_FACE('',(#490,#126),#2399,.T.);
#2553=ADVANCED_FACE('',(#491),#334,.F.);
#2554=ADVANCED_FACE('',(#492),#335,.F.);
#2555=ADVANCED_FACE('',(#493),#336,.F.);
#2556=ADVANCED_FACE('',(#494),#337,.F.);
#2557=ADVANCED_FACE('',(#495),#338,.T.);
#2558=ADVANCED_FACE('',(#496,#127,#128,#129,#130,#131),#2400,.T.);
#2559=CLOSED_SHELL('',(#2401,#2402,#2403,#2404,#2405,#2406,#2407,#2408,
#2409,#2410,#2411,#2412,#2413,#2414,#2415,#2416,#2417,#2418));
#2560=CLOSED_SHELL('',(#2419,#2420,#2421,#2422,#2423,#2424,#2425,#2426,
#2427,#2428,#2429,#2430,#2431,#2432,#2433,#2434,#2435,#2436,#2437,#2438,
#2439,#2440,#2441,#2442,#2443,#2444,#2445,#2446,#2447,#2448,#2449,#2450,
#2451,#2452,#2453,#2454,#2455,#2456,#2457,#2458,#2459,#2460,#2461,#2462,
#2463,#2464,#2465,#2466,#2467,#2468,#2469,#2470,#2471,#2472,#2473,#2474,
#2475,#2476,#2477,#2478,#2479,#2480,#2481,#2482,#2483,#2484,#2485,#2486,
#2487,#2488,#2489,#2490,#2491,#2492,#2493,#2494,#2495,#2496,#2497,#2498,
#2499,#2500,#2501,#2502,#2503,#2504,#2505,#2506,#2507,#2508,#2509,#2510,
#2511,#2512,#2513,#2514,#2515,#2516,#2517,#2518,#2519,#2520,#2521,#2522,
#2523,#2524,#2525,#2526,#2527,#2528,#2529,#2530,#2531,#2532,#2533,#2534));
#2561=CLOSED_SHELL('',(#2535,#2536,#2537,#2538,#2539,#2540,#2541,#2542,
#2543,#2544,#2545,#2546,#2547,#2548,#2549,#2550,#2551,#2552,#2553,#2554,
#2555,#2556,#2557,#2558));
#2562=DERIVED_UNIT_ELEMENT(#2568,1.);
#2563=DERIVED_UNIT_ELEMENT(#5175,-3.);
#2564=DERIVED_UNIT_ELEMENT(#2568,1.);
#2565=DERIVED_UNIT_ELEMENT(#5175,-3.);
#2566=DERIVED_UNIT_ELEMENT(#2568,1.);
#2567=DERIVED_UNIT_ELEMENT(#5175,-3.);
#2568=(
MASS_UNIT()
NAMED_UNIT(*)
SI_UNIT(.KILO.,.GRAM.)
);
#2569=DERIVED_UNIT((#2562,#2563));
#2570=DERIVED_UNIT((#2564,#2565));
#2571=DERIVED_UNIT((#2566,#2567));
#2572=MEASURE_REPRESENTATION_ITEM('density measure',
POSITIVE_RATIO_MEASURE(7850.),#2569);
#2573=MEASURE_REPRESENTATION_ITEM('density measure',
POSITIVE_RATIO_MEASURE(0.),#2570);
#2574=MEASURE_REPRESENTATION_ITEM('density measure',
POSITIVE_RATIO_MEASURE(7850.),#2571);
#2575=PROPERTY_DEFINITION_REPRESENTATION(#2590,#2581);
#2576=PROPERTY_DEFINITION_REPRESENTATION(#2591,#2582);
#2577=PROPERTY_DEFINITION_REPRESENTATION(#2592,#2583);
#2578=PROPERTY_DEFINITION_REPRESENTATION(#2593,#2584);
#2579=PROPERTY_DEFINITION_REPRESENTATION(#2594,#2585);
#2580=PROPERTY_DEFINITION_REPRESENTATION(#2595,#2586);
#2581=REPRESENTATION('material name',(#2587),#5170);
#2582=REPRESENTATION('density',(#2572),#5170);
#2583=REPRESENTATION('material name',(#2588),#5171);
#2584=REPRESENTATION('density',(#2573),#5171);
#2585=REPRESENTATION('material name',(#2589),#5172);
#2586=REPRESENTATION('density',(#2574),#5172);
#2587=DESCRIPTIVE_REPRESENTATION_ITEM('\X2\AC15CCA0\X0\','\X2\AC15CCA0\X0\');
#2588=DESCRIPTIVE_REPRESENTATION_ITEM('KEY','KEY');
#2589=DESCRIPTIVE_REPRESENTATION_ITEM('\X2\AC15CCA0\X0\','\X2\AC15CCA0\X0\');
#2590=PROPERTY_DEFINITION('material property','material name',#5195);
#2591=PROPERTY_DEFINITION('material property','density of part',#5195);
#2592=PROPERTY_DEFINITION('material property','material name',#5196);
#2593=PROPERTY_DEFINITION('material property','density of part',#5196);
#2594=PROPERTY_DEFINITION('material property','material name',#5197);
#2595=PROPERTY_DEFINITION('material property','density of part',#5197);
#2596=AXIS2_PLACEMENT_3D('',#3685,#2896,#2897);
#2597=AXIS2_PLACEMENT_3D('',#3686,#2898,#2899);
#2598=AXIS2_PLACEMENT_3D('',#3687,#2900,#2901);
#2599=AXIS2_PLACEMENT_3D('',#3696,#2906,#2907);
#2600=AXIS2_PLACEMENT_3D('',#3702,#2911,#2912);
#2601=AXIS2_PLACEMENT_3D('',#3708,#2916,#2917);
#2602=AXIS2_PLACEMENT_3D('',#3714,#2921,#2922);
#2603=AXIS2_PLACEMENT_3D('',#3720,#2926,#2927);
#2604=AXIS2_PLACEMENT_3D('',#3723,#2930,#2931);
#2605=AXIS2_PLACEMENT_3D('',#3724,#2932,#2933);
#2606=AXIS2_PLACEMENT_3D('',#3726,#2934,#2935);
#2607=AXIS2_PLACEMENT_3D('',#3729,#2937,#2938);
#2608=AXIS2_PLACEMENT_3D('',#3730,#2939,#2940);
#2609=AXIS2_PLACEMENT_3D('',#3731,#2941,#2942);
#2610=AXIS2_PLACEMENT_3D('',#3733,#2943,#2944);
#2611=AXIS2_PLACEMENT_3D('',#3736,#2946,#2947);
#2612=AXIS2_PLACEMENT_3D('',#3737,#2948,#2949);
#2613=AXIS2_PLACEMENT_3D('',#3738,#2950,#2951);
#2614=AXIS2_PLACEMENT_3D('',#3740,#2952,#2953);
#2615=AXIS2_PLACEMENT_3D('',#3743,#2955,#2956);
#2616=AXIS2_PLACEMENT_3D('',#3744,#2957,#2958);
#2617=AXIS2_PLACEMENT_3D('',#3746,#2959,#2960);
#2618=AXIS2_PLACEMENT_3D('',#3749,#2962,#2963);
#2619=AXIS2_PLACEMENT_3D('',#3750,#2964,#2965);
#2620=AXIS2_PLACEMENT_3D('',#3752,#2966,#2967);
#2621=AXIS2_PLACEMENT_3D('',#3755,#2969,#2970);
#2622=AXIS2_PLACEMENT_3D('',#3756,#2971,#2972);
#2623=AXIS2_PLACEMENT_3D('',#3758,#2973,#2974);
#2624=AXIS2_PLACEMENT_3D('',#3761,#2976,#2977);
#2625=AXIS2_PLACEMENT_3D('',#3762,#2978,#2979);
#2626=AXIS2_PLACEMENT_3D('',#3764,#2980,#2981);
#2627=AXIS2_PLACEMENT_3D('',#3767,#2983,#2984);
#2628=AXIS2_PLACEMENT_3D('',#3768,#2985,#2986);
#2629=AXIS2_PLACEMENT_3D('',#3769,#2987,#2988);
#2630=AXIS2_PLACEMENT_3D('',#3770,#2989,#2990);
#2631=AXIS2_PLACEMENT_3D('',#3771,#2991,#2992);
#2632=AXIS2_PLACEMENT_3D('',#3773,#2993,#2994);
#2633=AXIS2_PLACEMENT_3D('',#3776,#2996,#2997);
#2634=AXIS2_PLACEMENT_3D('',#3777,#2998,#2999);
#2635=AXIS2_PLACEMENT_3D('',#3778,#3000,#3001);
#2636=AXIS2_PLACEMENT_3D('',#3780,#3002,#3003);
#2637=AXIS2_PLACEMENT_3D('',#3783,#3005,#3006);
#2638=AXIS2_PLACEMENT_3D('',#3784,#3007,#3008);
#2639=AXIS2_PLACEMENT_3D('',#3785,#3009,#3010);
#2640=AXIS2_PLACEMENT_3D('',#3787,#3011,#3012);
#2641=AXIS2_PLACEMENT_3D('',#3790,#3014,#3015);
#2642=AXIS2_PLACEMENT_3D('',#3791,#3016,#3017);
#2643=AXIS2_PLACEMENT_3D('',#3793,#3018,#3019);
#2644=AXIS2_PLACEMENT_3D('',#3796,#3021,#3022);
#2645=AXIS2_PLACEMENT_3D('',#3797,#3023,#3024);
#2646=AXIS2_PLACEMENT_3D('',#3799,#3025,#3026);
#2647=AXIS2_PLACEMENT_3D('',#3802,#3028,#3029);
#2648=AXIS2_PLACEMENT_3D('',#3803,#3030,#3031);
#2649=AXIS2_PLACEMENT_3D('',#3805,#3032,#3033);
#2650=AXIS2_PLACEMENT_3D('',#3808,#3035,#3036);
#2651=AXIS2_PLACEMENT_3D('',#3809,#3037,#3038);
#2652=AXIS2_PLACEMENT_3D('',#3814,#3040,#3041);
#2653=AXIS2_PLACEMENT_3D('',#3818,#3043,#3044);
#2654=AXIS2_PLACEMENT_3D('',#3822,#3046,#3047);
#2655=AXIS2_PLACEMENT_3D('',#3825,#3049,#3050);
#2656=AXIS2_PLACEMENT_3D('',#3826,#3051,#3052);
#2657=AXIS2_PLACEMENT_3D('',#3832,#3056,#3057);
#2658=AXIS2_PLACEMENT_3D('',#3838,#3061,#3062);
#2659=AXIS2_PLACEMENT_3D('',#3840,#3063,#3064);
#2660=AXIS2_PLACEMENT_3D('',#3843,#3066,#3067);
#2661=AXIS2_PLACEMENT_3D('',#3844,#3068,#3069);
#2662=AXIS2_PLACEMENT_3D('',#3849,#3071,#3072);
#2663=AXIS2_PLACEMENT_3D('',#3852,#3074,#3075);
#2664=AXIS2_PLACEMENT_3D('',#3853,#3076,#3077);
#2665=AXIS2_PLACEMENT_3D('',#3862,#3081,#3082);
#2666=AXIS2_PLACEMENT_3D('',#3870,#3086,#3087);
#2667=AXIS2_PLACEMENT_3D('',#3875,#3090,#3091);
#2668=AXIS2_PLACEMENT_3D('',#3882,#3095,#3096);
#2669=AXIS2_PLACEMENT_3D('',#3884,#3097,#3098);
#2670=AXIS2_PLACEMENT_3D('',#3886,#3099,#3100);
#2671=AXIS2_PLACEMENT_3D('',#3888,#3101,#3102);
#2672=AXIS2_PLACEMENT_3D('',#3890,#3103,#3104);
#2673=AXIS2_PLACEMENT_3D('',#3893,#3106,#3107);
#2674=AXIS2_PLACEMENT_3D('',#3895,#3108,#3109);
#2675=AXIS2_PLACEMENT_3D('',#3898,#3111,#3112);
#2676=AXIS2_PLACEMENT_3D('',#3899,#3113,#3114);
#2677=AXIS2_PLACEMENT_3D('',#3909,#3119,#3120);
#2678=AXIS2_PLACEMENT_3D('',#3911,#3121,#3122);
#2679=AXIS2_PLACEMENT_3D('',#3917,#3126,#3127);
#2680=AXIS2_PLACEMENT_3D('',#3939,#3139,#3140);
#2681=AXIS2_PLACEMENT_3D('',#3940,#3141,#3142);
#2682=AXIS2_PLACEMENT_3D('',#3942,#3143,#3144);
#2683=AXIS2_PLACEMENT_3D('',#3943,#3145,#3146);
#2684=AXIS2_PLACEMENT_3D('',#3944,#3147,#3148);
#2685=AXIS2_PLACEMENT_3D('',#3945,#3149,#3150);
#2686=AXIS2_PLACEMENT_3D('',#3961,#3152,#3153);
#2687=AXIS2_PLACEMENT_3D('',#3963,#3155,#3156);
#2688=AXIS2_PLACEMENT_3D('',#3965,#3157,#3158);
#2689=AXIS2_PLACEMENT_3D('',#3969,#3160,#3161);
#2690=AXIS2_PLACEMENT_3D('',#3971,#3163,#3164);
#2691=AXIS2_PLACEMENT_3D('',#3974,#3165,#3166);
#2692=AXIS2_PLACEMENT_3D('',#3989,#3168,#3169);
#2693=AXIS2_PLACEMENT_3D('',#3991,#3171,#3172);
#2694=AXIS2_PLACEMENT_3D('',#3995,#3174,#3175);
#2695=AXIS2_PLACEMENT_3D('',#3997,#3177,#3178);
#2696=AXIS2_PLACEMENT_3D('',#3999,#3179,#3180);
#2697=AXIS2_PLACEMENT_3D('',#4005,#3183,#3184);
#2698=AXIS2_PLACEMENT_3D('',#4016,#3186,#3187);
#2699=AXIS2_PLACEMENT_3D('',#4017,#3188,#3189);
#2700=AXIS2_PLACEMENT_3D('',#4028,#3190,#3191);
#2701=AXIS2_PLACEMENT_3D('',#4029,#3192,#3193);
#2702=AXIS2_PLACEMENT_3D('',#4030,#3194,#3195);
#2703=AXIS2_PLACEMENT_3D('',#4031,#3196,#3197);
#2704=AXIS2_PLACEMENT_3D('',#4035,#3199,#3200);
#2705=AXIS2_PLACEMENT_3D('',#4039,#3203,#3204);
#2706=AXIS2_PLACEMENT_3D('',#4041,#3205,#3206);
#2707=AXIS2_PLACEMENT_3D('',#4042,#3207,#3208);
#2708=AXIS2_PLACEMENT_3D('',#4046,#3210,#3211);
#2709=AXIS2_PLACEMENT_3D('',#4050,#3214,#3215);
#2710=AXIS2_PLACEMENT_3D('',#4053,#3217,#3218);
#2711=AXIS2_PLACEMENT_3D('',#4054,#3219,#3220);
#2712=AXIS2_PLACEMENT_3D('',#4156,#3222,#3223);
#2713=AXIS2_PLACEMENT_3D('',#4157,#3224,#3225);
#2714=AXIS2_PLACEMENT_3D('',#4158,#3226,#3227);
#2715=AXIS2_PLACEMENT_3D('',#4262,#3230,#3231);
#2716=AXIS2_PLACEMENT_3D('',#4263,#3232,#3233);
#2717=AXIS2_PLACEMENT_3D('',#4264,#3234,#3235);
#2718=AXIS2_PLACEMENT_3D('',#4267,#3237,#3238);
#2719=AXIS2_PLACEMENT_3D('',#4268,#3239,#3240);
#2720=AXIS2_PLACEMENT_3D('',#4270,#3241,#3242);
#2721=AXIS2_PLACEMENT_3D('',#4274,#3245,#3246);
#2722=AXIS2_PLACEMENT_3D('',#4281,#3251,#3252);
#2723=AXIS2_PLACEMENT_3D('',#4292,#3253,#3254);
#2724=AXIS2_PLACEMENT_3D('',#4293,#3255,#3256);
#2725=AXIS2_PLACEMENT_3D('',#4294,#3257,#3258);
#2726=AXIS2_PLACEMENT_3D('',#4295,#3259,#3260);
#2727=AXIS2_PLACEMENT_3D('',#4296,#3261,#3262);
#2728=AXIS2_PLACEMENT_3D('',#4297,#3263,#3264);
#2729=AXIS2_PLACEMENT_3D('',#4298,#3265,#3266);
#2730=AXIS2_PLACEMENT_3D('',#4309,#3267,#3268);
#2731=AXIS2_PLACEMENT_3D('',#4320,#3269,#3270);
#2732=AXIS2_PLACEMENT_3D('',#4322,#3272,#3273);
#2733=AXIS2_PLACEMENT_3D('',#4323,#3274,#3275);
#2734=AXIS2_PLACEMENT_3D('',#4324,#3276,#3277);
#2735=AXIS2_PLACEMENT_3D('',#4325,#3278,#3279);
#2736=AXIS2_PLACEMENT_3D('',#4326,#3280,#3281);
#2737=AXIS2_PLACEMENT_3D('',#4327,#3282,#3283);
#2738=AXIS2_PLACEMENT_3D('',#4328,#3284,#3285);
#2739=AXIS2_PLACEMENT_3D('',#4329,#3286,#3287);
#2740=AXIS2_PLACEMENT_3D('',#4330,#3288,#3289);
#2741=AXIS2_PLACEMENT_3D('',#4331,#3290,#3291);
#2742=AXIS2_PLACEMENT_3D('',#4332,#3292,#3293);
#2743=AXIS2_PLACEMENT_3D('',#4333,#3294,#3295);
#2744=AXIS2_PLACEMENT_3D('',#4434,#3296,#3297);
#2745=AXIS2_PLACEMENT_3D('',#4436,#3299,#3300);
#2746=AXIS2_PLACEMENT_3D('',#4438,#3302,#3303);
#2747=AXIS2_PLACEMENT_3D('',#4439,#3304,#3305);
#2748=AXIS2_PLACEMENT_3D('',#4455,#3307,#3308);
#2749=AXIS2_PLACEMENT_3D('',#4457,#3310,#3311);
#2750=AXIS2_PLACEMENT_3D('',#4461,#3313,#3314);
#2751=AXIS2_PLACEMENT_3D('',#4464,#3316,#3317);
#2752=AXIS2_PLACEMENT_3D('',#4465,#3318,#3319);
#2753=AXIS2_PLACEMENT_3D('',#4468,#3320,#3321);
#2754=AXIS2_PLACEMENT_3D('',#4472,#3323,#3324);
#2755=AXIS2_PLACEMENT_3D('',#4485,#3326,#3327);
#2756=AXIS2_PLACEMENT_3D('',#4489,#3329,#3330);
#2757=AXIS2_PLACEMENT_3D('',#4491,#3332,#3333);
#2758=AXIS2_PLACEMENT_3D('',#4493,#3334,#3335);
#2759=AXIS2_PLACEMENT_3D('',#4497,#3337,#3338);
#2760=AXIS2_PLACEMENT_3D('',#4510,#3341,#3342);
#2761=AXIS2_PLACEMENT_3D('',#4511,#3343,#3344);
#2762=AXIS2_PLACEMENT_3D('',#4522,#3345,#3346);
#2763=AXIS2_PLACEMENT_3D('',#4523,#3347,#3348);
#2764=AXIS2_PLACEMENT_3D('',#4524,#3349,#3350);
#2765=AXIS2_PLACEMENT_3D('',#4525,#3351,#3352);
#2766=AXIS2_PLACEMENT_3D('',#4532,#3356,#3357);
#2767=AXIS2_PLACEMENT_3D('',#4533,#3358,#3359);
#2768=AXIS2_PLACEMENT_3D('',#4535,#3360,#3361);
#2769=AXIS2_PLACEMENT_3D('',#4536,#3362,#3363);
#2770=AXIS2_PLACEMENT_3D('',#4543,#3367,#3368);
#2771=AXIS2_PLACEMENT_3D('',#4544,#3369,#3370);
#2772=AXIS2_PLACEMENT_3D('',#4546,#3371,#3372);
#2773=AXIS2_PLACEMENT_3D('',#4548,#3374,#3375);
#2774=AXIS2_PLACEMENT_3D('',#4650,#3377,#3378);
#2775=AXIS2_PLACEMENT_3D('',#4651,#3379,#3380);
#2776=AXIS2_PLACEMENT_3D('',#4652,#3381,#3382);
#2777=AXIS2_PLACEMENT_3D('',#4756,#3385,#3386);
#2778=AXIS2_PLACEMENT_3D('',#4757,#3387,#3388);
#2779=AXIS2_PLACEMENT_3D('',#4758,#3389,#3390);
#2780=AXIS2_PLACEMENT_3D('',#4760,#3391,#3392);
#2781=AXIS2_PLACEMENT_3D('',#4762,#3394,#3395);
#2782=AXIS2_PLACEMENT_3D('',#4767,#3398,#3399);
#2783=AXIS2_PLACEMENT_3D('',#4768,#3400,#3401);
#2784=AXIS2_PLACEMENT_3D('',#4775,#3406,#3407);
#2785=AXIS2_PLACEMENT_3D('',#4786,#3408,#3409);
#2786=AXIS2_PLACEMENT_3D('',#4787,#3410,#3411);
#2787=AXIS2_PLACEMENT_3D('',#4788,#3412,#3413);
#2788=AXIS2_PLACEMENT_3D('',#4789,#3414,#3415);
#2789=AXIS2_PLACEMENT_3D('',#4790,#3416,#3417);
#2790=AXIS2_PLACEMENT_3D('',#4791,#3418,#3419);
#2791=AXIS2_PLACEMENT_3D('',#4792,#3420,#3421);
#2792=AXIS2_PLACEMENT_3D('',#4803,#3422,#3423);
#2793=AXIS2_PLACEMENT_3D('',#4814,#3424,#3425);
#2794=AXIS2_PLACEMENT_3D('',#4816,#3427,#3428);
#2795=AXIS2_PLACEMENT_3D('',#4817,#3429,#3430);
#2796=AXIS2_PLACEMENT_3D('',#4818,#3431,#3432);
#2797=AXIS2_PLACEMENT_3D('',#4819,#3433,#3434);
#2798=AXIS2_PLACEMENT_3D('',#4820,#3435,#3436);
#2799=AXIS2_PLACEMENT_3D('',#4821,#3437,#3438);
#2800=AXIS2_PLACEMENT_3D('',#4822,#3439,#3440);
#2801=AXIS2_PLACEMENT_3D('',#4823,#3441,#3442);
#2802=AXIS2_PLACEMENT_3D('',#4824,#3443,#3444);
#2803=AXIS2_PLACEMENT_3D('',#4825,#3445,#3446);
#2804=AXIS2_PLACEMENT_3D('',#4826,#3447,#3448);
#2805=AXIS2_PLACEMENT_3D('',#4827,#3449,#3450);
#2806=AXIS2_PLACEMENT_3D('',#4928,#3451,#3452);
#2807=AXIS2_PLACEMENT_3D('',#4930,#3454,#3455);
#2808=AXIS2_PLACEMENT_3D('',#4932,#3457,#3458);
#2809=AXIS2_PLACEMENT_3D('',#4933,#3459,#3460);
#2810=AXIS2_PLACEMENT_3D('',#4935,#3461,#3462);
#2811=AXIS2_PLACEMENT_3D('',#4936,#3463,#3464);
#2812=AXIS2_PLACEMENT_3D('',#4939,#3466,#3467);
#2813=AXIS2_PLACEMENT_3D('',#4940,#3468,#3469);
#2814=AXIS2_PLACEMENT_3D('',#4941,#3470,#3471);
#2815=AXIS2_PLACEMENT_3D('',#4942,#3472,#3473);
#2816=AXIS2_PLACEMENT_3D('',#4944,#3474,#3475);
#2817=AXIS2_PLACEMENT_3D('',#4945,#3476,#3477);
#2818=AXIS2_PLACEMENT_3D('',#4948,#3479,#3480);
#2819=AXIS2_PLACEMENT_3D('',#4949,#3481,#3482);
#2820=AXIS2_PLACEMENT_3D('',#4950,#3483,#3484);
#2821=AXIS2_PLACEMENT_3D('',#4951,#3485,#3486);
#2822=AXIS2_PLACEMENT_3D('',#4953,#3487,#3488);
#2823=AXIS2_PLACEMENT_3D('',#4956,#3490,#3491);
#2824=AXIS2_PLACEMENT_3D('',#4967,#3492,#3493);
#2825=AXIS2_PLACEMENT_3D('',#4968,#3494,#3495);
#2826=AXIS2_PLACEMENT_3D('',#4979,#3496,#3497);
#2827=AXIS2_PLACEMENT_3D('',#4980,#3498,#3499);
#2828=AXIS2_PLACEMENT_3D('',#4981,#3500,#3501);
#2829=AXIS2_PLACEMENT_3D('',#4983,#3502,#3503);
#2830=AXIS2_PLACEMENT_3D('',#4984,#3504,#3505);
#2831=AXIS2_PLACEMENT_3D('',#4987,#3506,#3507);
#2832=AXIS2_PLACEMENT_3D('',#4990,#3509,#3510);
#2833=AXIS2_PLACEMENT_3D('',#4991,#3511,#3512);
#2834=AXIS2_PLACEMENT_3D('',#4992,#3513,#3514);
#2835=AXIS2_PLACEMENT_3D('',#4994,#3516,#3517);
#2836=AXIS2_PLACEMENT_3D('',#4997,#3519,#3520);
#2837=AXIS2_PLACEMENT_3D('',#4998,#3521,#3522);
#2838=AXIS2_PLACEMENT_3D('',#5000,#3523,#3524);
#2839=AXIS2_PLACEMENT_3D('',#5002,#3526,#3527);
#2840=AXIS2_PLACEMENT_3D('',#5004,#3528,#3529);
#2841=AXIS2_PLACEMENT_3D('',#5006,#3530,#3531);
#2842=AXIS2_PLACEMENT_3D('',#5008,#3533,#3534);
#2843=AXIS2_PLACEMENT_3D('',#5009,#3535,#3536);
#2844=AXIS2_PLACEMENT_3D('',#5010,#3537,#3538);
#2845=AXIS2_PLACEMENT_3D('',#5029,#3539,#3540);
#2846=AXIS2_PLACEMENT_3D('',#5038,#3545,#3546);
#2847=AXIS2_PLACEMENT_3D('',#5041,#3549,#3550);
#2848=AXIS2_PLACEMENT_3D('',#5043,#3552,#3553);
#2849=AXIS2_PLACEMENT_3D('',#5045,#3555,#3556);
#2850=AXIS2_PLACEMENT_3D('',#5046,#3557,#3558);
#2851=AXIS2_PLACEMENT_3D('',#5047,#3559,#3560);
#2852=AXIS2_PLACEMENT_3D('',#5049,#3561,#3562);
#2853=AXIS2_PLACEMENT_3D('',#5052,#3564,#3565);
#2854=AXIS2_PLACEMENT_3D('',#5053,#3566,#3567);
#2855=AXIS2_PLACEMENT_3D('',#5054,#3568,#3569);
#2856=AXIS2_PLACEMENT_3D('',#5063,#3574,#3575);
#2857=AXIS2_PLACEMENT_3D('',#5069,#3579,#3580);
#2858=AXIS2_PLACEMENT_3D('',#5075,#3584,#3585);
#2859=AXIS2_PLACEMENT_3D('',#5076,#3586,#3587);
#2860=AXIS2_PLACEMENT_3D('',#5077,#3588,#3589);
#2861=AXIS2_PLACEMENT_3D('',#5079,#3590,#3591);
#2862=AXIS2_PLACEMENT_3D('',#5080,#3592,#3593);
#2863=AXIS2_PLACEMENT_3D('',#5082,#3594,#3595);
#2864=AXIS2_PLACEMENT_3D('',#5084,#3596,#3597);
#2865=AXIS2_PLACEMENT_3D('',#5086,#3598,#3599);
#2866=AXIS2_PLACEMENT_3D('',#5088,#3600,#3601);
#2867=AXIS2_PLACEMENT_3D('',#5090,#3602,#3603);
#2868=AXIS2_PLACEMENT_3D('',#5091,#3604,#3605);
#2869=AXIS2_PLACEMENT_3D('',#5100,#3610,#3611);
#2870=AXIS2_PLACEMENT_3D('',#5106,#3615,#3616);
#2871=AXIS2_PLACEMENT_3D('',#5112,#3620,#3621);
#2872=AXIS2_PLACEMENT_3D('',#5118,#3625,#3626);
#2873=AXIS2_PLACEMENT_3D('',#5124,#3630,#3631);
#2874=AXIS2_PLACEMENT_3D('',#5127,#3634,#3635);
#2875=AXIS2_PLACEMENT_3D('',#5128,#3636,#3637);
#2876=AXIS2_PLACEMENT_3D('',#5130,#3638,#3639);
#2877=AXIS2_PLACEMENT_3D('',#5133,#3641,#3642);
#2878=AXIS2_PLACEMENT_3D('',#5134,#3643,#3644);
#2879=AXIS2_PLACEMENT_3D('',#5135,#3645,#3646);
#2880=AXIS2_PLACEMENT_3D('',#5137,#3647,#3648);
#2881=AXIS2_PLACEMENT_3D('',#5139,#3650,#3651);
#2882=AXIS2_PLACEMENT_3D('',#5140,#3652,#3653);
#2883=AXIS2_PLACEMENT_3D('',#5142,#3654,#3655);
#2884=AXIS2_PLACEMENT_3D('',#5144,#3657,#3658);
#2885=AXIS2_PLACEMENT_3D('',#5146,#3659,#3660);
#2886=AXIS2_PLACEMENT_3D('',#5148,#3662,#3663);
#2887=AXIS2_PLACEMENT_3D('',#5150,#3664,#3665);
#2888=AXIS2_PLACEMENT_3D('',#5152,#3667,#3668);
#2889=AXIS2_PLACEMENT_3D('',#5154,#3669,#3670);
#2890=AXIS2_PLACEMENT_3D('',#5156,#3672,#3673);
#2891=AXIS2_PLACEMENT_3D('',#5158,#3674,#3675);
#2892=AXIS2_PLACEMENT_3D('',#5160,#3677,#3678);
#2893=AXIS2_PLACEMENT_3D('',#5161,#3679,#3680);
#2894=AXIS2_PLACEMENT_3D('',#5162,#3681,#3682);
#2895=AXIS2_PLACEMENT_3D('',#5163,#3683,#3684);
#2896=DIRECTION('axis',(0.,0.,1.));
#2897=DIRECTION('refdir',(1.,0.,0.));
#2898=DIRECTION('axis',(0.,0.,1.));
#2899=DIRECTION('refdir',(1.,0.,0.));
#2900=DIRECTION('center_axis',(-0.5,0.866025403784439,0.));
#2901=DIRECTION('ref_axis',(0.866025403784439,0.5,0.));
#2902=DIRECTION('',(0.866025403784439,0.5,0.));
#2903=DIRECTION('',(0.,0.,-1.));
#2904=DIRECTION('',(0.866025403784439,0.5,0.));
#2905=DIRECTION('',(0.,0.,-1.));
#2906=DIRECTION('center_axis',(-1.,1.38777878078145E-16,0.));
#2907=DIRECTION('ref_axis',(1.38777878078145E-16,1.,0.));
#2908=DIRECTION('',(1.38777878078145E-16,1.,0.));
#2909=DIRECTION('',(0.,0.,-1.));
#2910=DIRECTION('',(1.38777878078145E-16,1.,0.));
#2911=DIRECTION('center_axis',(-0.5,-0.866025403784439,0.));
#2912=DIRECTION('ref_axis',(-0.866025403784438,0.5,0.));
#2913=DIRECTION('',(-0.866025403784438,0.5,0.));
#2914=DIRECTION('',(0.,0.,-1.));
#2915=DIRECTION('',(-0.866025403784438,0.5,0.));
#2916=DIRECTION('center_axis',(0.5,-0.866025403784439,0.));
#2917=DIRECTION('ref_axis',(-0.866025403784439,-0.5,0.));
#2918=DIRECTION('',(-0.866025403784439,-0.5,0.));
#2919=DIRECTION('',(0.,0.,-1.));
#2920=DIRECTION('',(-0.866025403784439,-0.5,0.));
#2921=DIRECTION('center_axis',(1.,-5.55111512312578E-16,0.));
#2922=DIRECTION('ref_axis',(-5.55111512312578E-16,-1.,0.));
#2923=DIRECTION('',(-5.55111512312578E-16,-1.,0.));
#2924=DIRECTION('',(0.,0.,-1.));
#2925=DIRECTION('',(-5.55111512312578E-16,-1.,0.));
#2926=DIRECTION('center_axis',(0.5,0.866025403784439,0.));
#2927=DIRECTION('ref_axis',(0.866025403784438,-0.5,0.));
#2928=DIRECTION('',(0.866025403784438,-0.5,0.));
#2929=DIRECTION('',(0.866025403784439,-0.5,0.));
#2930=DIRECTION('center_axis',(0.,0.,-1.));
#2931=DIRECTION('ref_axis',(-1.,0.,0.));
#2932=DIRECTION('center_axis',(0.,0.,1.));
#2933=DIRECTION('ref_axis',(-1.,0.,0.));
#2934=DIRECTION('center_axis',(0.,0.,1.));
#2935=DIRECTION('ref_axis',(-1.,0.,0.));
#2936=DIRECTION('',(0.,0.,-1.));
#2937=DIRECTION('center_axis',(0.,0.,-1.));
#2938=DIRECTION('ref_axis',(-1.,0.,0.));
#2939=DIRECTION('center_axis',(0.,0.,1.));
#2940=DIRECTION('ref_axis',(-1.,0.,0.));
#2941=DIRECTION('center_axis',(0.,0.,-1.));
#2942=DIRECTION('ref_axis',(1.,0.,0.));
#2943=DIRECTION('center_axis',(0.,0.,-1.));
#2944=DIRECTION('ref_axis',(1.,0.,0.));
#2945=DIRECTION('',(0.,0.,1.));
#2946=DIRECTION('center_axis',(0.,0.,1.));
#2947=DIRECTION('ref_axis',(1.,0.,0.));
#2948=DIRECTION('center_axis',(0.,0.,-1.));
#2949=DIRECTION('ref_axis',(1.,0.,0.));
#2950=DIRECTION('center_axis',(0.,0.,1.));
#2951=DIRECTION('ref_axis',(1.,0.,0.));
#2952=DIRECTION('center_axis',(0.,0.,-1.));
#2953=DIRECTION('ref_axis',(1.,0.,0.));
#2954=DIRECTION('',(0.,0.,-1.));
#2955=DIRECTION('center_axis',(0.,0.,-1.));
#2956=DIRECTION('ref_axis',(1.,0.,0.));
#2957=DIRECTION('center_axis',(0.,0.,1.));
#2958=DIRECTION('ref_axis',(1.,0.,0.));
#2959=DIRECTION('center_axis',(0.,0.,-1.));
#2960=DIRECTION('ref_axis',(1.,0.,0.));
#2961=DIRECTION('',(0.,0.,-1.));
#2962=DIRECTION('center_axis',(0.,0.,-1.));
#2963=DIRECTION('ref_axis',(1.,0.,0.));
#2964=DIRECTION('center_axis',(0.,0.,1.));
#2965=DIRECTION('ref_axis',(1.,0.,0.));
#2966=DIRECTION('center_axis',(0.,0.,-1.));
#2967=DIRECTION('ref_axis',(1.,0.,0.));
#2968=DIRECTION('',(0.,0.,-1.));
#2969=DIRECTION('center_axis',(0.,0.,-1.));
#2970=DIRECTION('ref_axis',(1.,0.,0.));
#2971=DIRECTION('center_axis',(0.,0.,1.));
#2972=DIRECTION('ref_axis',(1.,0.,0.));
#2973=DIRECTION('center_axis',(0.,0.,-1.));
#2974=DIRECTION('ref_axis',(1.,0.,0.));
#2975=DIRECTION('',(0.,0.,-1.));
#2976=DIRECTION('center_axis',(0.,0.,-1.));
#2977=DIRECTION('ref_axis',(1.,0.,0.));
#2978=DIRECTION('center_axis',(0.,0.,1.));
#2979=DIRECTION('ref_axis',(1.,0.,0.));
#2980=DIRECTION('center_axis',(0.,0.,1.));
#2981=DIRECTION('ref_axis',(1.,0.,0.));
#2982=DIRECTION('',(0.,0.,-1.));
#2983=DIRECTION('center_axis',(0.,0.,1.));
#2984=DIRECTION('ref_axis',(1.,0.,0.));
#2985=DIRECTION('center_axis',(0.,0.,1.));
#2986=DIRECTION('ref_axis',(1.,0.,0.));
#2987=DIRECTION('center_axis',(0.,0.,1.));
#2988=DIRECTION('ref_axis',(1.,0.,0.));
#2989=DIRECTION('axis',(0.,0.,1.));
#2990=DIRECTION('refdir',(1.,0.,0.));
#2991=DIRECTION('center_axis',(0.,0.,1.));
#2992=DIRECTION('ref_axis',(1.,0.,0.));
#2993=DIRECTION('center_axis',(0.,0.,1.));
#2994=DIRECTION('ref_axis',(1.,0.,0.));
#2995=DIRECTION('',(0.,0.,1.));
#2996=DIRECTION('center_axis',(0.,0.,1.));
#2997=DIRECTION('ref_axis',(1.,0.,0.));
#2998=DIRECTION('center_axis',(0.,0.,-1.));
#2999=DIRECTION('ref_axis',(1.,0.,0.));
#3000=DIRECTION('center_axis',(0.,0.,1.));
#3001=DIRECTION('ref_axis',(1.,0.,0.));
#3002=DIRECTION('center_axis',(0.,0.,1.));
#3003=DIRECTION('ref_axis',(1.,0.,0.));
#3004=DIRECTION('',(0.,0.,1.));
#3005=DIRECTION('center_axis',(0.,0.,1.));
#3006=DIRECTION('ref_axis',(1.,0.,0.));
#3007=DIRECTION('center_axis',(0.,0.,-1.));
#3008=DIRECTION('ref_axis',(1.,0.,0.));
#3009=DIRECTION('center_axis',(0.,0.,-1.));
#3010=DIRECTION('ref_axis',(0.,1.,0.));
#3011=DIRECTION('center_axis',(0.,0.,1.));
#3012=DIRECTION('ref_axis',(1.,0.,0.));
#3013=DIRECTION('',(0.,0.,-1.));
#3014=DIRECTION('center_axis',(0.,0.,1.));
#3015=DIRECTION('ref_axis',(0.,1.,0.));
#3016=DIRECTION('center_axis',(0.,0.,-1.));
#3017=DIRECTION('ref_axis',(0.,1.,0.));
#3018=DIRECTION('center_axis',(0.,0.,-1.));
#3019=DIRECTION('ref_axis',(1.,0.,0.));
#3020=DIRECTION('',(0.,0.,-1.));
#3021=DIRECTION('center_axis',(0.,0.,1.));
#3022=DIRECTION('ref_axis',(0.,1.,0.));
#3023=DIRECTION('center_axis',(0.,0.,-1.));
#3024=DIRECTION('ref_axis',(0.,-1.,0.));
#3025=DIRECTION('center_axis',(0.,0.,-1.));
#3026=DIRECTION('ref_axis',(1.,0.,0.));
#3027=DIRECTION('',(0.,0.,-1.));
#3028=DIRECTION('center_axis',(0.,0.,1.));
#3029=DIRECTION('ref_axis',(0.,1.,0.));
#3030=DIRECTION('center_axis',(0.,0.,-1.));
#3031=DIRECTION('ref_axis',(0.,-1.,0.));
#3032=DIRECTION('center_axis',(0.,0.,1.));
#3033=DIRECTION('ref_axis',(1.,0.,0.));
#3034=DIRECTION('',(0.,0.,-1.));
#3035=DIRECTION('center_axis',(0.,0.,1.));
#3036=DIRECTION('ref_axis',(0.,1.,0.));
#3037=DIRECTION('center_axis',(0.,0.,1.));
#3038=DIRECTION('ref_axis',(0.,-1.,0.));
#3039=DIRECTION('',(0.,1.,0.));
#3040=DIRECTION('center_axis',(0.,0.,1.));
#3041=DIRECTION('ref_axis',(1.,0.,0.));
#3042=DIRECTION('',(-1.,0.,0.));
#3043=DIRECTION('center_axis',(0.,0.,1.));
#3044=DIRECTION('ref_axis',(1.,0.,0.));
#3045=DIRECTION('',(0.,-1.,0.));
#3046=DIRECTION('center_axis',(0.,0.,-1.));
#3047=DIRECTION('ref_axis',(1.,0.,0.));
#3048=DIRECTION('',(-1.,0.,0.));
#3049=DIRECTION('center_axis',(0.,0.,-1.));
#3050=DIRECTION('ref_axis',(1.,0.,0.));
#3051=DIRECTION('center_axis',(-1.,0.,0.));
#3052=DIRECTION('ref_axis',(0.,0.,1.));
#3053=DIRECTION('',(0.,0.,1.));
#3054=DIRECTION('',(0.,-1.,0.));
#3055=DIRECTION('',(0.,0.,1.));
#3056=DIRECTION('center_axis',(1.,0.,0.));
#3057=DIRECTION('ref_axis',(0.,0.,-1.));
#3058=DIRECTION('',(0.,1.,0.));
#3059=DIRECTION('',(0.,0.,-1.));
#3060=DIRECTION('',(0.,0.,-1.));
#3061=DIRECTION('center_axis',(0.,0.,1.));
#3062=DIRECTION('ref_axis',(0.,-1.,0.));
#3063=DIRECTION('center_axis',(0.,0.,-1.));
#3064=DIRECTION('ref_axis',(-1.,0.,0.));
#3065=DIRECTION('',(0.,0.,1.));
#3066=DIRECTION('center_axis',(0.,0.,-1.));
#3067=DIRECTION('ref_axis',(1.,0.,0.));
#3068=DIRECTION('center_axis',(0.,1.,0.));
#3069=DIRECTION('ref_axis',(-1.,0.,0.));
#3070=DIRECTION('',(0.,1.,0.));
#3071=DIRECTION('center_axis',(-0.196116134945876,-0.980580675729382,0.));
#3072=DIRECTION('ref_axis',(-0.980580675729382,0.196116134945876,0.));
#3073=DIRECTION('',(0.,-1.,0.));
#3074=DIRECTION('center_axis',(0.196116134945876,-0.980580675729382,0.));
#3075=DIRECTION('ref_axis',(-0.980580675729382,-0.196116134945876,0.));
#3076=DIRECTION('center_axis',(0.,0.,1.));
#3077=DIRECTION('ref_axis',(0.,-1.,0.));
#3078=DIRECTION('',(-1.,0.,0.));
#3079=DIRECTION('',(0.,-1.,0.));
#3080=DIRECTION('',(-1.,0.,0.));
#3081=DIRECTION('center_axis',(0.,0.,1.));
#3082=DIRECTION('ref_axis',(1.,0.,0.));
#3083=DIRECTION('',(0.,1.,0.));
#3084=DIRECTION('',(-1.,0.,0.));
#3085=DIRECTION('',(0.,-1.,0.));
#3086=DIRECTION('center_axis',(0.,0.,1.));
#3087=DIRECTION('ref_axis',(1.,0.,0.));
#3088=DIRECTION('',(-1.,0.,0.));
#3089=DIRECTION('',(-1.,0.,0.));
#3090=DIRECTION('center_axis',(0.,0.,-1.));
#3091=DIRECTION('ref_axis',(1.,0.,0.));
#3092=DIRECTION('',(0.,1.,0.));
#3093=DIRECTION('',(-1.,0.,0.));
#3094=DIRECTION('',(0.,-1.,0.));
#3095=DIRECTION('center_axis',(0.,0.,-1.));
#3096=DIRECTION('ref_axis',(1.,0.,0.));
#3097=DIRECTION('center_axis',(0.,0.,-1.));
#3098=DIRECTION('ref_axis',(1.,0.,0.));
#3099=DIRECTION('center_axis',(0.,0.,1.));
#3100=DIRECTION('ref_axis',(1.,0.,0.));
#3101=DIRECTION('center_axis',(0.,0.,-1.));
#3102=DIRECTION('ref_axis',(1.,0.,0.));
#3103=DIRECTION('center_axis',(0.,0.,-1.));
#3104=DIRECTION('ref_axis',(1.,0.,0.));
#3105=DIRECTION('',(-1.,0.,0.));
#3106=DIRECTION('center_axis',(0.,0.,-1.));
#3107=DIRECTION('ref_axis',(1.,0.,0.));
#3108=DIRECTION('center_axis',(0.,0.,1.));
#3109=DIRECTION('ref_axis',(1.,0.,0.));
#3110=DIRECTION('',(-1.,0.,0.));
#3111=DIRECTION('center_axis',(0.,0.,1.));
#3112=DIRECTION('ref_axis',(1.,0.,0.));
#3113=DIRECTION('center_axis',(1.,0.,0.));
#3114=DIRECTION('ref_axis',(0.,-1.,0.));
#3115=DIRECTION('',(0.,1.,0.));
#3116=DIRECTION('',(0.,0.,-1.));
#3117=DIRECTION('',(0.,-1.,0.));
#3118=DIRECTION('',(0.,0.,-1.));
#3119=DIRECTION('center_axis',(1.,0.,0.));
#3120=DIRECTION('ref_axis',(0.,-1.,0.));
#3121=DIRECTION('center_axis',(-1.,0.,0.));
#3122=DIRECTION('ref_axis',(0.,1.,0.));
#3123=DIRECTION('',(0.,0.,-1.));
#3124=DIRECTION('',(0.,1.,0.));
#3125=DIRECTION('',(0.,0.,-1.));
#3126=DIRECTION('center_axis',(-1.,0.,0.));
#3127=DIRECTION('ref_axis',(0.,1.,0.));
#3128=DIRECTION('',(0.,0.,1.));
#3129=DIRECTION('',(0.,-1.,0.));
#3130=DIRECTION('',(0.,0.,1.));
#3131=DIRECTION('',(0.,0.,1.));
#3132=DIRECTION('',(0.,1.,0.));
#3133=DIRECTION('',(0.,0.,1.));
#3134=DIRECTION('',(0.,-1.,0.));
#3135=DIRECTION('',(0.,0.,-1.));
#3136=DIRECTION('',(0.,-1.,0.));
#3137=DIRECTION('',(0.,0.,1.));
#3138=DIRECTION('',(0.,1.,0.));
#3139=DIRECTION('center_axis',(0.,0.,-1.));
#3140=DIRECTION('ref_axis',(0.,1.,0.));
#3141=DIRECTION('center_axis',(0.,0.,1.));
#3142=DIRECTION('ref_axis',(1.,0.,0.));
#3143=DIRECTION('center_axis',(0.,0.,1.));
#3144=DIRECTION('ref_axis',(1.,0.,0.));
#3145=DIRECTION('center_axis',(0.,0.,1.));
#3146=DIRECTION('ref_axis',(1.,0.,0.));
#3147=DIRECTION('center_axis',(0.,1.,0.));
#3148=DIRECTION('ref_axis',(-1.,0.,0.));
#3149=DIRECTION('center_axis',(0.,0.,1.));
#3150=DIRECTION('ref_axis',(0.,-1.,0.));
#3151=DIRECTION('',(0.,0.,1.));
#3152=DIRECTION('center_axis',(0.,0.,1.));
#3153=DIRECTION('ref_axis',(0.,-1.,0.));
#3154=DIRECTION('',(0.,0.,-1.));
#3155=DIRECTION('center_axis',(1.,0.,0.));
#3156=DIRECTION('ref_axis',(0.,-1.,0.));
#3157=DIRECTION('center_axis',(-1.,0.,0.));
#3158=DIRECTION('ref_axis',(0.,-1.,0.));
#3159=DIRECTION('',(-1.,0.,0.));
#3160=DIRECTION('center_axis',(-1.,0.,0.));
#3161=DIRECTION('ref_axis',(0.,-1.,0.));
#3162=DIRECTION('',(1.,0.,0.));
#3163=DIRECTION('center_axis',(-1.,0.,0.));
#3164=DIRECTION('ref_axis',(0.,1.,0.));
#3165=DIRECTION('center_axis',(1.,0.,0.));
#3166=DIRECTION('ref_axis',(0.,-1.,0.));
#3167=DIRECTION('',(1.,0.,0.));
#3168=DIRECTION('center_axis',(1.,0.,0.));
#3169=DIRECTION('ref_axis',(0.,0.,1.));
#3170=DIRECTION('',(-1.,0.,0.));
#3171=DIRECTION('center_axis',(0.,0.,-1.));
#3172=DIRECTION('ref_axis',(0.,1.,0.));
#3173=DIRECTION('',(0.,0.,1.));
#3174=DIRECTION('center_axis',(0.,0.,1.));
#3175=DIRECTION('ref_axis',(-1.,0.,0.));
#3176=DIRECTION('',(0.,0.,-1.));
#3177=DIRECTION('center_axis',(0.,0.,1.));
#3178=DIRECTION('ref_axis',(0.,-1.,0.));
#3179=DIRECTION('center_axis',(0.,0.,-1.));
#3180=DIRECTION('ref_axis',(1.,0.,0.));
#3181=DIRECTION('',(0.,-1.,0.));
#3182=DIRECTION('',(1.,0.,0.));
#3183=DIRECTION('center_axis',(0.,0.,-1.));
#3184=DIRECTION('ref_axis',(1.,0.,0.));
#3185=DIRECTION('',(0.,-1.,0.));
#3186=DIRECTION('center_axis',(0.,1.,0.));
#3187=DIRECTION('ref_axis',(1.,0.,0.));
#3188=DIRECTION('center_axis',(0.,0.,1.));
#3189=DIRECTION('ref_axis',(1.,0.,0.));
#3190=DIRECTION('center_axis',(0.,1.,0.));
#3191=DIRECTION('ref_axis',(0.,0.,-1.));
#3192=DIRECTION('center_axis',(0.,0.,1.));
#3193=DIRECTION('ref_axis',(1.,0.,0.));
#3194=DIRECTION('center_axis',(0.,0.,-1.));
#3195=DIRECTION('ref_axis',(1.,0.,0.));
#3196=DIRECTION('center_axis',(0.,0.,1.));
#3197=DIRECTION('ref_axis',(0.,-1.,0.));
#3198=DIRECTION('',(0.,-1.,0.));
#3199=DIRECTION('center_axis',(0.,0.,1.));
#3200=DIRECTION('ref_axis',(1.,0.,0.));
#3201=DIRECTION('',(-1.,0.,0.));
#3202=DIRECTION('',(0.,1.,0.));
#3203=DIRECTION('center_axis',(0.,0.,-1.));
#3204=DIRECTION('ref_axis',(1.,0.,0.));
#3205=DIRECTION('center_axis',(0.,0.,-1.));
#3206=DIRECTION('ref_axis',(-1.,0.,0.));
#3207=DIRECTION('center_axis',(0.,-1.,0.));
#3208=DIRECTION('ref_axis',(-1.,0.,0.));
#3209=DIRECTION('',(0.,0.,1.));
#3210=DIRECTION('center_axis',(0.,-1.,0.));
#3211=DIRECTION('ref_axis',(-1.,0.,0.));
#3212=DIRECTION('',(0.,0.,1.));
#3213=DIRECTION('',(1.,0.,0.));
#3214=DIRECTION('center_axis',(0.,0.,1.));
#3215=DIRECTION('ref_axis',(0.,-1.,0.));
#3216=DIRECTION('',(0.,0.,1.));
#3217=DIRECTION('center_axis',(0.,0.,-1.));
#3218=DIRECTION('ref_axis',(1.,0.,0.));
#3219=DIRECTION('center_axis',(1.,0.,0.));
#3220=DIRECTION('ref_axis',(0.,-1.,0.));
#3221=DIRECTION('',(0.,-1.,0.));
#3222=DIRECTION('center_axis',(-0.980580675729382,0.196116134945876,0.));
#3223=DIRECTION('ref_axis',(0.196116134945876,0.980580675729382,0.));
#3224=DIRECTION('center_axis',(-0.196116134945876,0.980580675729382,0.));
#3225=DIRECTION('ref_axis',(0.980580675729382,0.196116134945876,0.));
#3226=DIRECTION('center_axis',(1.,0.,0.));
#3227=DIRECTION('ref_axis',(0.,-1.,0.));
#3228=DIRECTION('',(0.,0.,1.));
#3229=DIRECTION('',(0.,1.,0.));
#3230=DIRECTION('center_axis',(-0.196116134945876,-0.980580675729382,0.));
#3231=DIRECTION('ref_axis',(0.980580675729382,-0.196116134945876,0.));
#3232=DIRECTION('center_axis',(-0.980580675729382,-0.196116134945876,0.));
#3233=DIRECTION('ref_axis',(0.196116134945876,-0.980580675729382,0.));
#3234=DIRECTION('center_axis',(0.,0.,1.));
#3235=DIRECTION('ref_axis',(0.,-1.,0.));
#3236=DIRECTION('',(0.,0.,1.));
#3237=DIRECTION('center_axis',(0.,0.,-1.));
#3238=DIRECTION('ref_axis',(1.,0.,0.));
#3239=DIRECTION('center_axis',(0.,1.,0.));
#3240=DIRECTION('ref_axis',(1.,0.,0.));
#3241=DIRECTION('center_axis',(0.,-1.,0.));
#3242=DIRECTION('ref_axis',(1.,0.,0.));
#3243=DIRECTION('',(0.,0.,-1.));
#3244=DIRECTION('',(1.,0.,0.));
#3245=DIRECTION('center_axis',(0.,1.,0.));
#3246=DIRECTION('ref_axis',(1.,0.,0.));
#3247=DIRECTION('',(0.,0.,1.));
#3248=DIRECTION('',(-1.,0.,0.));
#3249=DIRECTION('',(0.,0.,-1.));
#3250=DIRECTION('',(1.,0.,0.));
#3251=DIRECTION('center_axis',(0.,0.,1.));
#3252=DIRECTION('ref_axis',(0.,-1.,0.));
#3253=DIRECTION('center_axis',(0.,0.,1.));
#3254=DIRECTION('ref_axis',(-1.,0.,0.));
#3255=DIRECTION('center_axis',(0.,1.,0.));
#3256=DIRECTION('ref_axis',(1.,0.,0.));
#3257=DIRECTION('center_axis',(0.,0.,-1.));
#3258=DIRECTION('ref_axis',(0.,1.,0.));
#3259=DIRECTION('center_axis',(0.,0.,-1.));
#3260=DIRECTION('ref_axis',(0.,-1.,0.));
#3261=DIRECTION('center_axis',(0.,0.,-1.));
#3262=DIRECTION('ref_axis',(0.,1.,0.));
#3263=DIRECTION('center_axis',(0.,0.,-1.));
#3264=DIRECTION('ref_axis',(0.,-1.,0.));
#3265=DIRECTION('center_axis',(0.,1.,0.));
#3266=DIRECTION('ref_axis',(1.,0.,0.));
#3267=DIRECTION('center_axis',(0.,0.,-1.));
#3268=DIRECTION('ref_axis',(-0.707106781186399,-0.707106781186696,0.));
#3269=DIRECTION('center_axis',(0.,0.,1.));
#3270=DIRECTION('ref_axis',(0.,-1.,0.));
#3271=DIRECTION('',(0.,0.,1.));
#3272=DIRECTION('center_axis',(1.,0.,0.));
#3273=DIRECTION('ref_axis',(0.,-1.,0.));
#3274=DIRECTION('center_axis',(-1.,0.,0.));
#3275=DIRECTION('ref_axis',(0.,0.,-1.));
#3276=DIRECTION('center_axis',(0.,0.,1.));
#3277=DIRECTION('ref_axis',(1.,0.,0.));
#3278=DIRECTION('center_axis',(0.,1.,0.));
#3279=DIRECTION('ref_axis',(0.,0.,1.));
#3280=DIRECTION('center_axis',(0.,1.,0.));
#3281=DIRECTION('ref_axis',(1.,0.,0.));
#3282=DIRECTION('center_axis',(1.,0.,0.));
#3283=DIRECTION('ref_axis',(0.,-1.,0.));
#3284=DIRECTION('center_axis',(0.,1.,0.));
#3285=DIRECTION('ref_axis',(1.,0.,0.));
#3286=DIRECTION('center_axis',(0.,-1.,0.));
#3287=DIRECTION('ref_axis',(0.,0.,-1.));
#3288=DIRECTION('center_axis',(0.,0.,1.));
#3289=DIRECTION('ref_axis',(1.,0.,0.));
#3290=DIRECTION('center_axis',(-1.,0.,0.));
#3291=DIRECTION('ref_axis',(0.,0.,-1.));
#3292=DIRECTION('center_axis',(-1.,0.,0.));
#3293=DIRECTION('ref_axis',(0.,1.,0.));
#3294=DIRECTION('center_axis',(-0.980580675729382,-0.196116134945876,0.));
#3295=DIRECTION('ref_axis',(-0.196116134945876,0.980580675729382,0.));
#3296=DIRECTION('center_axis',(0.,0.,-1.));
#3297=DIRECTION('ref_axis',(-1.,0.,0.));
#3298=DIRECTION('',(0.,0.,-1.));
#3299=DIRECTION('center_axis',(0.,-1.,0.));
#3300=DIRECTION('ref_axis',(0.,0.,1.));
#3301=DIRECTION('',(0.,0.,1.));
#3302=DIRECTION('center_axis',(0.,0.,-1.));
#3303=DIRECTION('ref_axis',(-1.,0.,0.));
#3304=DIRECTION('center_axis',(0.,0.,1.));
#3305=DIRECTION('ref_axis',(0.,1.,0.));
#3306=DIRECTION('',(0.,0.,-1.));
#3307=DIRECTION('center_axis',(0.,0.,-1.));
#3308=DIRECTION('ref_axis',(0.,1.,0.));
#3309=DIRECTION('',(0.,0.,1.));
#3310=DIRECTION('center_axis',(1.,0.,0.));
#3311=DIRECTION('ref_axis',(0.,1.,0.));
#3312=DIRECTION('',(1.,0.,0.));
#3313=DIRECTION('center_axis',(1.,0.,0.));
#3314=DIRECTION('ref_axis',(0.,1.,0.));
#3315=DIRECTION('',(-1.,0.,0.));
#3316=DIRECTION('center_axis',(1.,0.,0.));
#3317=DIRECTION('ref_axis',(0.,1.,0.));
#3318=DIRECTION('center_axis',(-1.,0.,0.));
#3319=DIRECTION('ref_axis',(0.,-1.,0.));
#3320=DIRECTION('center_axis',(-1.,0.,0.));
#3321=DIRECTION('ref_axis',(0.,1.,0.));
#3322=DIRECTION('',(-1.,0.,0.));
#3323=DIRECTION('center_axis',(-1.,0.,0.));
#3324=DIRECTION('ref_axis',(0.,0.,1.));
#3325=DIRECTION('',(1.,0.,0.));
#3326=DIRECTION('center_axis',(0.,0.,-1.));
#3327=DIRECTION('ref_axis',(0.,-1.,0.));
#3328=DIRECTION('',(0.,0.,-1.));
#3329=DIRECTION('center_axis',(0.,0.,-1.));
#3330=DIRECTION('ref_axis',(-1.,0.,0.));
#3331=DIRECTION('',(0.,0.,1.));
#3332=DIRECTION('center_axis',(0.,0.,1.));
#3333=DIRECTION('ref_axis',(0.,1.,0.));
#3334=DIRECTION('center_axis',(0.,0.,1.));
#3335=DIRECTION('ref_axis',(1.,0.,0.));
#3336=DIRECTION('',(0.,1.,0.));
#3337=DIRECTION('center_axis',(0.,0.,1.));
#3338=DIRECTION('ref_axis',(1.,0.,0.));
#3339=DIRECTION('',(1.,0.,0.));
#3340=DIRECTION('',(0.,1.,0.));
#3341=DIRECTION('center_axis',(0.,1.,0.));
#3342=DIRECTION('ref_axis',(1.,0.,0.));
#3343=DIRECTION('center_axis',(0.,0.,-1.));
#3344=DIRECTION('ref_axis',(1.,0.,0.));
#3345=DIRECTION('center_axis',(0.,1.,0.));
#3346=DIRECTION('ref_axis',(0.,0.,-1.));
#3347=DIRECTION('center_axis',(0.,0.,1.));
#3348=DIRECTION('ref_axis',(1.,0.,0.));
#3349=DIRECTION('center_axis',(0.,0.,-1.));
#3350=DIRECTION('ref_axis',(1.,0.,0.));
#3351=DIRECTION('center_axis',(0.,0.,1.));
#3352=DIRECTION('ref_axis',(0.,1.,0.));
#3353=DIRECTION('',(0.,1.,0.));
#3354=DIRECTION('',(0.,-1.,0.));
#3355=DIRECTION('',(-1.,0.,0.));
#3356=DIRECTION('center_axis',(0.,0.,-1.));
#3357=DIRECTION('ref_axis',(1.,0.,0.));
#3358=DIRECTION('center_axis',(0.,0.,-1.));
#3359=DIRECTION('ref_axis',(1.,0.,0.));
#3360=DIRECTION('center_axis',(0.,0.,1.));
#3361=DIRECTION('ref_axis',(-1.,0.,0.));
#3362=DIRECTION('center_axis',(0.,1.,0.));
#3363=DIRECTION('ref_axis',(-1.,0.,0.));
#3364=DIRECTION('',(0.,0.,1.));
#3365=DIRECTION('',(1.,0.,0.));
#3366=DIRECTION('',(0.,0.,1.));
#3367=DIRECTION('center_axis',(0.,-1.,0.));
#3368=DIRECTION('ref_axis',(-1.,0.,0.));
#3369=DIRECTION('center_axis',(0.,0.,1.));
#3370=DIRECTION('ref_axis',(0.,1.,0.));
#3371=DIRECTION('center_axis',(0.,0.,1.));
#3372=DIRECTION('ref_axis',(1.,0.,0.));
#3373=DIRECTION('',(0.,0.,1.));
#3374=DIRECTION('center_axis',(1.,0.,0.));
#3375=DIRECTION('ref_axis',(0.,1.,0.));
#3376=DIRECTION('',(0.,1.,0.));
#3377=DIRECTION('center_axis',(0.196116134945876,0.980580675729382,0.));
#3378=DIRECTION('ref_axis',(0.980580675729382,-0.196116134945876,0.));
#3379=DIRECTION('center_axis',(0.980580675729382,0.196116134945876,0.));
#3380=DIRECTION('ref_axis',(0.196116134945876,-0.980580675729382,0.));
#3381=DIRECTION('center_axis',(1.,0.,0.));
#3382=DIRECTION('ref_axis',(0.,1.,0.));
#3383=DIRECTION('',(0.,-1.,0.));
#3384=DIRECTION('',(0.,0.,1.));
#3385=DIRECTION('center_axis',(0.980580675729382,-0.196116134945876,0.));
#3386=DIRECTION('ref_axis',(0.196116134945876,0.980580675729382,0.));
#3387=DIRECTION('center_axis',(0.196116134945876,-0.980580675729382,0.));
#3388=DIRECTION('ref_axis',(0.980580675729382,0.196116134945876,0.));
#3389=DIRECTION('center_axis',(0.,0.,1.));
#3390=DIRECTION('ref_axis',(0.,1.,0.));
#3391=DIRECTION('center_axis',(0.,0.,1.));
#3392=DIRECTION('ref_axis',(1.,0.,0.));
#3393=DIRECTION('',(0.,0.,1.));
#3394=DIRECTION('center_axis',(0.,-1.,0.));
#3395=DIRECTION('ref_axis',(1.,0.,0.));
#3396=DIRECTION('',(1.,0.,0.));
#3397=DIRECTION('',(0.,0.,-1.));
#3398=DIRECTION('center_axis',(0.,-1.,0.));
#3399=DIRECTION('ref_axis',(1.,0.,0.));
#3400=DIRECTION('center_axis',(0.,-1.,0.));
#3401=DIRECTION('ref_axis',(1.,0.,0.));
#3402=DIRECTION('',(0.,0.,1.));
#3403=DIRECTION('',(1.,0.,0.));
#3404=DIRECTION('',(0.,0.,-1.));
#3405=DIRECTION('',(-1.,0.,0.));
#3406=DIRECTION('center_axis',(0.,0.,1.));
#3407=DIRECTION('ref_axis',(0.,1.,0.));
#3408=DIRECTION('center_axis',(0.,0.,-1.));
#3409=DIRECTION('ref_axis',(-1.,0.,0.));
#3410=DIRECTION('center_axis',(0.,-1.,0.));
#3411=DIRECTION('ref_axis',(1.,0.,0.));
#3412=DIRECTION('center_axis',(0.,0.,-1.));
#3413=DIRECTION('ref_axis',(0.,-1.,0.));
#3414=DIRECTION('center_axis',(0.,0.,1.));
#3415=DIRECTION('ref_axis',(0.,1.,0.));
#3416=DIRECTION('center_axis',(0.,0.,-1.));
#3417=DIRECTION('ref_axis',(0.,-1.,0.));
#3418=DIRECTION('center_axis',(0.,0.,1.));
#3419=DIRECTION('ref_axis',(0.,1.,0.));
#3420=DIRECTION('center_axis',(0.,-1.,0.));
#3421=DIRECTION('ref_axis',(1.,0.,0.));
#3422=DIRECTION('center_axis',(0.,0.,-1.));
#3423=DIRECTION('ref_axis',(-0.707106781186402,0.707106781186693,0.));
#3424=DIRECTION('center_axis',(0.,0.,1.));
#3425=DIRECTION('ref_axis',(0.,1.,0.));
#3426=DIRECTION('',(0.,0.,1.));
#3427=DIRECTION('center_axis',(1.,0.,0.));
#3428=DIRECTION('ref_axis',(0.,1.,0.));
#3429=DIRECTION('center_axis',(1.,0.,0.));
#3430=DIRECTION('ref_axis',(0.,0.,-1.));
#3431=DIRECTION('center_axis',(0.,0.,1.));
#3432=DIRECTION('ref_axis',(1.,0.,0.));
#3433=DIRECTION('center_axis',(0.,1.,0.));
#3434=DIRECTION('ref_axis',(0.,0.,1.));
#3435=DIRECTION('center_axis',(0.,-1.,0.));
#3436=DIRECTION('ref_axis',(1.,0.,0.));
#3437=DIRECTION('center_axis',(1.,0.,0.));
#3438=DIRECTION('ref_axis',(0.,1.,0.));
#3439=DIRECTION('center_axis',(0.,-1.,0.));
#3440=DIRECTION('ref_axis',(1.,0.,0.));
#3441=DIRECTION('center_axis',(0.,-1.,0.));
#3442=DIRECTION('ref_axis',(0.,0.,-1.));
#3443=DIRECTION('center_axis',(0.,0.,1.));
#3444=DIRECTION('ref_axis',(1.,0.,0.));
#3445=DIRECTION('center_axis',(1.,0.,0.));
#3446=DIRECTION('ref_axis',(0.,0.,-1.));
#3447=DIRECTION('center_axis',(-1.,0.,0.));
#3448=DIRECTION('ref_axis',(0.,-1.,0.));
#3449=DIRECTION('center_axis',(0.980580675729382,-0.196116134945876,0.));
#3450=DIRECTION('ref_axis',(-0.196116134945876,-0.980580675729382,0.));
#3451=DIRECTION('center_axis',(0.,0.,-1.));
#3452=DIRECTION('ref_axis',(-1.,0.,0.));
#3453=DIRECTION('',(0.,0.,-1.));
#3454=DIRECTION('center_axis',(0.,1.,0.));
#3455=DIRECTION('ref_axis',(0.,0.,1.));
#3456=DIRECTION('',(0.,0.,1.));
#3457=DIRECTION('center_axis',(0.,0.,-1.));
#3458=DIRECTION('ref_axis',(-1.,0.,0.));
#3459=DIRECTION('center_axis',(0.,0.,1.));
#3460=DIRECTION('ref_axis',(0.,-1.,0.));
#3461=DIRECTION('center_axis',(0.,0.,1.));
#3462=DIRECTION('ref_axis',(0.,-1.,0.));
#3463=DIRECTION('center_axis',(0.,0.,1.));
#3464=DIRECTION('ref_axis',(0.,1.,0.));
#3465=DIRECTION('',(0.,0.,1.));
#3466=DIRECTION('center_axis',(0.,0.,-1.));
#3467=DIRECTION('ref_axis',(0.,1.,0.));
#3468=DIRECTION('center_axis',(0.,0.,-1.));
#3469=DIRECTION('ref_axis',(0.,-1.,0.));
#3470=DIRECTION('center_axis',(0.,0.,-1.));
#3471=DIRECTION('ref_axis',(0.,-1.,0.));
#3472=DIRECTION('center_axis',(0.,0.,1.));
#3473=DIRECTION('ref_axis',(0.,1.,0.));
#3474=DIRECTION('center_axis',(0.,0.,-1.));
#3475=DIRECTION('ref_axis',(0.,1.,0.));
#3476=DIRECTION('center_axis',(0.,0.,1.));
#3477=DIRECTION('ref_axis',(0.,-1.,0.));
#3478=DIRECTION('',(0.,0.,1.));
#3479=DIRECTION('center_axis',(0.,0.,1.));
#3480=DIRECTION('ref_axis',(0.,-1.,0.));
#3481=DIRECTION('center_axis',(0.,0.,-1.));
#3482=DIRECTION('ref_axis',(0.,-1.,0.));
#3483=DIRECTION('center_axis',(0.,0.,-1.));
#3484=DIRECTION('ref_axis',(0.,-1.,0.));
#3485=DIRECTION('center_axis',(1.,0.,0.));
#3486=DIRECTION('ref_axis',(0.,1.,0.));
#3487=DIRECTION('center_axis',(-1.,0.,0.));
#3488=DIRECTION('ref_axis',(0.,1.,0.));
#3489=DIRECTION('',(1.,0.,0.));
#3490=DIRECTION('center_axis',(1.,0.,0.));
#3491=DIRECTION('ref_axis',(0.,0.,-1.));
#3492=DIRECTION('center_axis',(0.,1.,0.));
#3493=DIRECTION('ref_axis',(0.,0.,-1.));
#3494=DIRECTION('center_axis',(0.,0.,-1.));
#3495=DIRECTION('ref_axis',(0.,1.,0.));
#3496=DIRECTION('center_axis',(0.,1.,0.));
#3497=DIRECTION('ref_axis',(0.,0.,-1.));
#3498=DIRECTION('center_axis',(0.,0.,-1.));
#3499=DIRECTION('ref_axis',(0.,1.,0.));
#3500=DIRECTION('center_axis',(0.,0.,-1.));
#3501=DIRECTION('ref_axis',(-1.,0.,0.));
#3502=DIRECTION('center_axis',(0.,0.,-1.));
#3503=DIRECTION('ref_axis',(0.,1.,0.));
#3504=DIRECTION('center_axis',(0.,0.,-1.));
#3505=DIRECTION('ref_axis',(-1.,0.,0.));
#3506=DIRECTION('center_axis',(0.,0.,-1.));
#3507=DIRECTION('ref_axis',(-1.,0.,0.));
#3508=DIRECTION('',(0.707106781186548,-8.65956056235494E-17,-0.707106781186548));
#3509=DIRECTION('center_axis',(0.,0.,1.));
#3510=DIRECTION('ref_axis',(0.,1.,0.));
#3511=DIRECTION('center_axis',(0.,0.,-1.));
#3512=DIRECTION('ref_axis',(-1.,0.,0.));
#3513=DIRECTION('center_axis',(0.,0.,-1.));
#3514=DIRECTION('ref_axis',(0.,-1.,0.));
#3515=DIRECTION('',(0.,0.,-1.));
#3516=DIRECTION('center_axis',(0.,1.,0.));
#3517=DIRECTION('ref_axis',(0.,0.,-1.));
#3518=DIRECTION('',(0.,-1.,0.));
#3519=DIRECTION('center_axis',(0.,1.,0.));
#3520=DIRECTION('ref_axis',(0.,0.,-1.));
#3521=DIRECTION('center_axis',(0.,-1.,0.));
#3522=DIRECTION('ref_axis',(-1.,0.,0.));
#3523=DIRECTION('center_axis',(0.,1.,0.));
#3524=DIRECTION('ref_axis',(0.,0.,-1.));
#3525=DIRECTION('',(0.,1.,0.));
#3526=DIRECTION('center_axis',(0.,0.,-1.));
#3527=DIRECTION('ref_axis',(0.,-1.,0.));
#3528=DIRECTION('center_axis',(0.,0.,1.));
#3529=DIRECTION('ref_axis',(0.,-1.,0.));
#3530=DIRECTION('center_axis',(0.,0.,1.));
#3531=DIRECTION('ref_axis',(0.,-1.,0.));
#3532=DIRECTION('',(1.,0.,0.));
#3533=DIRECTION('center_axis',(1.,0.,0.));
#3534=DIRECTION('ref_axis',(0.,-1.,0.));
#3535=DIRECTION('center_axis',(1.,0.,0.));
#3536=DIRECTION('ref_axis',(0.,-1.,0.));
#3537=DIRECTION('center_axis',(-1.,0.,0.));
#3538=DIRECTION('ref_axis',(0.,0.,-1.));
#3539=DIRECTION('center_axis',(-1.,0.,0.));
#3540=DIRECTION('ref_axis',(0.,1.,0.));
#3541=DIRECTION('',(0.,1.,0.));
#3542=DIRECTION('',(0.,0.,1.));
#3543=DIRECTION('',(0.,-1.,0.));
#3544=DIRECTION('',(0.,0.,-1.));
#3545=DIRECTION('center_axis',(0.17364817766693,0.,0.984807753012208));
#3546=DIRECTION('ref_axis',(0.984807753012208,0.,-0.17364817766693));
#3547=DIRECTION('',(0.970287525247814,0.171087869746036,-0.171087869746036));
#3548=DIRECTION('',(-0.970287525247814,0.171087869746035,0.171087869746036));
#3549=DIRECTION('center_axis',(0.17364817766693,-0.984807753012208,0.));
#3550=DIRECTION('ref_axis',(0.,0.,-1.));
#3551=DIRECTION('',(-0.970287525247814,-0.171087869746036,-0.171087869746035));
#3552=DIRECTION('center_axis',(0.17364817766693,0.,-0.984807753012208));
#3553=DIRECTION('ref_axis',(-0.984807753012208,0.,-0.17364817766693));
#3554=DIRECTION('',(0.970287525247814,-0.171087869746035,0.171087869746035));
#3555=DIRECTION('center_axis',(0.17364817766693,0.984807753012208,0.));
#3556=DIRECTION('ref_axis',(0.,0.,1.));
#3557=DIRECTION('axis',(0.,0.,1.));
#3558=DIRECTION('refdir',(1.,0.,0.));
#3559=DIRECTION('center_axis',(0.,0.,1.));
#3560=DIRECTION('ref_axis',(1.,0.,0.));
#3561=DIRECTION('center_axis',(0.,0.,1.));
#3562=DIRECTION('ref_axis',(1.,0.,0.));
#3563=DIRECTION('',(0.,0.,1.));
#3564=DIRECTION('center_axis',(0.,0.,1.));
#3565=DIRECTION('ref_axis',(1.,0.,0.));
#3566=DIRECTION('center_axis',(0.,0.,-1.));
#3567=DIRECTION('ref_axis',(1.,0.,0.));
#3568=DIRECTION('center_axis',(1.,0.,0.));
#3569=DIRECTION('ref_axis',(0.,1.,0.));
#3570=DIRECTION('',(0.,1.,0.));
#3571=DIRECTION('',(0.,0.,1.));
#3572=DIRECTION('',(0.,1.,0.));
#3573=DIRECTION('',(0.,0.,1.));
#3574=DIRECTION('center_axis',(0.,-1.,0.));
#3575=DIRECTION('ref_axis',(1.,0.,0.));
#3576=DIRECTION('',(1.,0.,0.));
#3577=DIRECTION('',(0.,0.,1.));
#3578=DIRECTION('',(1.,0.,0.));
#3579=DIRECTION('center_axis',(-1.,0.,0.));
#3580=DIRECTION('ref_axis',(0.,-1.,0.));
#3581=DIRECTION('',(0.,-1.,0.));
#3582=DIRECTION('',(0.,0.,-1.));
#3583=DIRECTION('',(0.,-1.,0.));
#3584=DIRECTION('center_axis',(0.,0.,-1.));
#3585=DIRECTION('ref_axis',(1.,0.,0.));
#3586=DIRECTION('center_axis',(0.,0.,1.));
#3587=DIRECTION('ref_axis',(1.,0.,0.));
#3588=DIRECTION('center_axis',(0.,0.,-1.));
#3589=DIRECTION('ref_axis',(1.,0.,0.));
#3590=DIRECTION('center_axis',(0.,0.,-1.));
#3591=DIRECTION('ref_axis',(1.,0.,0.));
#3592=DIRECTION('center_axis',(0.,0.,-1.));
#3593=DIRECTION('ref_axis',(1.,0.,0.));
#3594=DIRECTION('center_axis',(0.,0.,1.));
#3595=DIRECTION('ref_axis',(1.,0.,0.));
#3596=DIRECTION('center_axis',(0.,0.,1.));
#3597=DIRECTION('ref_axis',(1.,0.,0.));
#3598=DIRECTION('center_axis',(0.,0.,-1.));
#3599=DIRECTION('ref_axis',(1.,0.,0.));
#3600=DIRECTION('center_axis',(0.,0.,1.));
#3601=DIRECTION('ref_axis',(1.,0.,0.));
#3602=DIRECTION('center_axis',(0.,0.,1.));
#3603=DIRECTION('ref_axis',(1.,0.,0.));
#3604=DIRECTION('center_axis',(-0.5,0.866025403784439,0.));
#3605=DIRECTION('ref_axis',(0.866025403784439,0.5,0.));
#3606=DIRECTION('',(0.866025403784439,0.5,0.));
#3607=DIRECTION('',(0.,0.,-1.));
#3608=DIRECTION('',(0.866025403784439,0.5,0.));
#3609=DIRECTION('',(0.,0.,-1.));
#3610=DIRECTION('center_axis',(-1.,1.38777878078145E-16,0.));
#3611=DIRECTION('ref_axis',(1.38777878078145E-16,1.,0.));
#3612=DIRECTION('',(1.38777878078145E-16,1.,0.));
#3613=DIRECTION('',(0.,0.,-1.));
#3614=DIRECTION('',(1.38777878078145E-16,1.,0.));
#3615=DIRECTION('center_axis',(-0.5,-0.866025403784439,0.));
#3616=DIRECTION('ref_axis',(-0.866025403784438,0.5,0.));
#3617=DIRECTION('',(-0.866025403784438,0.5,0.));
#3618=DIRECTION('',(0.,0.,-1.));
#3619=DIRECTION('',(-0.866025403784438,0.5,0.));
#3620=DIRECTION('center_axis',(0.5,-0.866025403784439,0.));
#3621=DIRECTION('ref_axis',(-0.866025403784439,-0.5,0.));
#3622=DIRECTION('',(-0.866025403784439,-0.5,0.));
#3623=DIRECTION('',(0.,0.,-1.));
#3624=DIRECTION('',(-0.866025403784439,-0.5,0.));
#3625=DIRECTION('center_axis',(1.,-5.55111512312578E-16,0.));
#3626=DIRECTION('ref_axis',(-5.55111512312578E-16,-1.,0.));
#3627=DIRECTION('',(-5.55111512312578E-16,-1.,0.));
#3628=DIRECTION('',(0.,0.,-1.));
#3629=DIRECTION('',(-5.55111512312578E-16,-1.,0.));
#3630=DIRECTION('center_axis',(0.5,0.866025403784439,0.));
#3631=DIRECTION('ref_axis',(0.866025403784438,-0.5,0.));
#3632=DIRECTION('',(0.866025403784438,-0.5,0.));
#3633=DIRECTION('',(0.866025403784439,-0.5,0.));
#3634=DIRECTION('center_axis',(0.,0.,-1.));
#3635=DIRECTION('ref_axis',(-1.,0.,0.));
#3636=DIRECTION('center_axis',(0.,0.,1.));
#3637=DIRECTION('ref_axis',(-1.,0.,0.));
#3638=DIRECTION('center_axis',(0.,0.,1.));
#3639=DIRECTION('ref_axis',(-1.,0.,0.));
#3640=DIRECTION('',(0.,0.,-1.));
#3641=DIRECTION('center_axis',(0.,0.,-1.));
#3642=DIRECTION('ref_axis',(-1.,0.,0.));
#3643=DIRECTION('center_axis',(0.,0.,1.));
#3644=DIRECTION('ref_axis',(-1.,0.,0.));
#3645=DIRECTION('center_axis',(0.,0.,-1.));
#3646=DIRECTION('ref_axis',(1.,0.,0.));
#3647=DIRECTION('center_axis',(0.,0.,-1.));
#3648=DIRECTION('ref_axis',(1.,0.,0.));
#3649=DIRECTION('',(0.,0.,1.));
#3650=DIRECTION('center_axis',(0.,0.,-1.));
#3651=DIRECTION('ref_axis',(1.,0.,0.));
#3652=DIRECTION('center_axis',(0.,0.,1.));
#3653=DIRECTION('ref_axis',(1.,0.,0.));
#3654=DIRECTION('center_axis',(0.,0.,-1.));
#3655=DIRECTION('ref_axis',(1.,0.,0.));
#3656=DIRECTION('',(0.,0.,-1.));
#3657=DIRECTION('center_axis',(0.,0.,1.));
#3658=DIRECTION('ref_axis',(1.,0.,0.));
#3659=DIRECTION('center_axis',(0.,0.,-1.));
#3660=DIRECTION('ref_axis',(1.,0.,0.));
#3661=DIRECTION('',(0.,0.,-1.));
#3662=DIRECTION('center_axis',(0.,0.,1.));
#3663=DIRECTION('ref_axis',(1.,0.,0.));
#3664=DIRECTION('center_axis',(0.,0.,-1.));
#3665=DIRECTION('ref_axis',(1.,0.,0.));
#3666=DIRECTION('',(0.,0.,-1.));
#3667=DIRECTION('center_axis',(0.,0.,1.));
#3668=DIRECTION('ref_axis',(1.,0.,0.));
#3669=DIRECTION('center_axis',(0.,0.,-1.));
#3670=DIRECTION('ref_axis',(1.,0.,0.));
#3671=DIRECTION('',(0.,0.,-1.));
#3672=DIRECTION('center_axis',(0.,0.,1.));
#3673=DIRECTION('ref_axis',(1.,0.,0.));
#3674=DIRECTION('center_axis',(0.,0.,1.));
#3675=DIRECTION('ref_axis',(1.,0.,0.));
#3676=DIRECTION('',(0.,0.,-1.));
#3677=DIRECTION('center_axis',(0.,0.,1.));
#3678=DIRECTION('ref_axis',(1.,0.,0.));
#3679=DIRECTION('',(0.,0.,-1.));
#3680=DIRECTION('',(1.,0.,0.));
#3681=DIRECTION('',(0.,0.,1.));
#3682=DIRECTION('',(1.,0.,0.));
#3683=DIRECTION('',(-2.15827841904071E-17,3.80562717157688E-18,1.));
#3684=DIRECTION('',(3.05311331771918E-16,-1.,3.80562717157674E-18));
#3685=CARTESIAN_POINT('',(0.,0.,0.));
#3686=CARTESIAN_POINT('',(0.,0.,0.));
#3687=CARTESIAN_POINT('Origin',(-1.73205080756888,1.,5.5));
#3688=CARTESIAN_POINT('',(-1.73205080756888,1.,5.5));
#3689=CARTESIAN_POINT('',(0.,2.,5.5));
#3690=CARTESIAN_POINT('',(-1.29903810567666,1.25,5.5));
#3691=CARTESIAN_POINT('',(-1.73205080756888,1.,3.4));
#3692=CARTESIAN_POINT('',(-1.73205080756888,1.,5.5));
#3693=CARTESIAN_POINT('',(0.,2.,3.4));
#3694=CARTESIAN_POINT('',(0.,2.,3.4));
#3695=CARTESIAN_POINT('',(0.,2.,5.5));
#3696=CARTESIAN_POINT('Origin',(-1.73205080756888,-0.999999999999999,5.5));
#3697=CARTESIAN_POINT('',(-1.73205080756888,-1.,5.5));
#3698=CARTESIAN_POINT('',(-1.73205080756888,-0.5,5.5));
#3699=CARTESIAN_POINT('',(-1.73205080756888,-1.,3.4));
#3700=CARTESIAN_POINT('',(-1.73205080756888,-1.,5.5));
#3701=CARTESIAN_POINT('',(-1.73205080756888,1.,3.4));
#3702=CARTESIAN_POINT('Origin',(-5.55111512312578E-16,-2.,5.5));
#3703=CARTESIAN_POINT('',(-6.93889390390723E-16,-2.,5.5));
#3704=CARTESIAN_POINT('',(-0.43301270189222,-1.75,5.5));
#3705=CARTESIAN_POINT('',(-5.55111512312578E-16,-2.,3.4));
#3706=CARTESIAN_POINT('',(-6.93889390390723E-16,-2.,5.5));
#3707=CARTESIAN_POINT('',(-1.73205080756888,-1.,3.4));
#3708=CARTESIAN_POINT('Origin',(1.73205080756888,-1.,5.5));
#3709=CARTESIAN_POINT('',(1.73205080756888,-1.,5.5));
#3710=CARTESIAN_POINT('',(1.29903810567666,-1.25,5.5));
#3711=CARTESIAN_POINT('',(1.73205080756888,-1.,3.4));
#3712=CARTESIAN_POINT('',(1.73205080756888,-1.,5.5));
#3713=CARTESIAN_POINT('',(-6.93889390390723E-16,-2.,3.4));
#3714=CARTESIAN_POINT('Origin',(1.73205080756888,0.999999999999999,5.5));
#3715=CARTESIAN_POINT('',(1.73205080756888,0.999999999999999,5.5));
#3716=CARTESIAN_POINT('',(1.73205080756888,0.499999999999999,5.5));
#3717=CARTESIAN_POINT('',(1.73205080756888,0.999999999999999,3.4));
#3718=CARTESIAN_POINT('',(1.73205080756888,0.999999999999999,5.5));
#3719=CARTESIAN_POINT('',(1.73205080756888,-1.,3.4));
#3720=CARTESIAN_POINT('Origin',(0.,2.,5.5));
#3721=CARTESIAN_POINT('',(0.43301270189222,1.75,5.5));
#3722=CARTESIAN_POINT('',(1.73205080756888,0.999999999999999,3.4));
#3723=CARTESIAN_POINT('Origin',(2.77555756156289E-16,0.,3.4));
#3724=CARTESIAN_POINT('Origin',(0.,0.,2.5));
#3725=CARTESIAN_POINT('',(2.7,3.30654635769785E-16,5.5));
#3726=CARTESIAN_POINT('Origin',(0.,0.,5.5));
#3727=CARTESIAN_POINT('',(2.7,3.30654635769785E-16,2.5));
#3728=CARTESIAN_POINT('',(2.7,3.30654635769785E-16,2.5));
#3729=CARTESIAN_POINT('Origin',(0.,0.,2.5));
#3730=CARTESIAN_POINT('Origin',(0.,0.,5.5));
#3731=CARTESIAN_POINT('Origin',(0.,0.,0.));
#3732=CARTESIAN_POINT('',(-4.5,5.51091059616309E-16,-2.9));
#3733=CARTESIAN_POINT('Origin',(0.,0.,-2.9));
#3734=CARTESIAN_POINT('',(-4.5,5.51091059616309E-16,0.));
#3735=CARTESIAN_POINT('',(-4.5,5.51091059616309E-16,0.));
#3736=CARTESIAN_POINT('Origin',(0.,0.,0.));
#3737=CARTESIAN_POINT('Origin',(0.,0.,-2.9));
#3738=CARTESIAN_POINT('Origin',(0.,7.,0.));
#3739=CARTESIAN_POINT('',(-1.5,7.,2.5));
#3740=CARTESIAN_POINT('Origin',(0.,7.,2.5));
#3741=CARTESIAN_POINT('',(-1.5,7.,0.));
#3742=CARTESIAN_POINT('',(-1.5,7.,0.));
#3743=CARTESIAN_POINT('Origin',(0.,7.,0.));
#3744=CARTESIAN_POINT('Origin',(-8.57252759403147E-16,-7.,0.));
#3745=CARTESIAN_POINT('',(-1.5,-7.,2.5));
#3746=CARTESIAN_POINT('Origin',(-8.57252759403147E-16,-7.,2.5));
#3747=CARTESIAN_POINT('',(-1.5,-7.,0.));
#3748=CARTESIAN_POINT('',(-1.5,-7.,0.));
#3749=CARTESIAN_POINT('Origin',(-8.57252759403147E-16,-7.,0.));
#3750=CARTESIAN_POINT('Origin',(7.,-1.55431223447522E-15,0.));
#3751=CARTESIAN_POINT('',(5.5,-1.73800925434732E-15,2.5));
#3752=CARTESIAN_POINT('Origin',(7.,-1.55431223447522E-15,2.5));
#3753=CARTESIAN_POINT('',(5.5,-1.73800925434732E-15,0.));
#3754=CARTESIAN_POINT('',(5.5,-1.73800925434732E-15,0.));
#3755=CARTESIAN_POINT('Origin',(7.,-1.55431223447522E-15,0.));
#3756=CARTESIAN_POINT('Origin',(-7.,-1.55431223447522E-15,0.));
#3757=CARTESIAN_POINT('',(-8.5,-1.73800925434732E-15,2.5));
#3758=CARTESIAN_POINT('Origin',(-7.,-1.55431223447522E-15,2.5));
#3759=CARTESIAN_POINT('',(-8.5,-1.73800925434732E-15,0.));
#3760=CARTESIAN_POINT('',(-8.5,-1.73800925434732E-15,0.));
#3761=CARTESIAN_POINT('Origin',(-7.,-1.55431223447522E-15,0.));
#3762=CARTESIAN_POINT('Origin',(0.,0.,0.));
#3763=CARTESIAN_POINT('',(-10.,-1.22464679914735E-15,2.5));
#3764=CARTESIAN_POINT('Origin',(0.,0.,2.5));
#3765=CARTESIAN_POINT('',(-10.,-1.22464679914735E-15,0.));
#3766=CARTESIAN_POINT('',(-10.,-1.22464679914735E-15,0.));
#3767=CARTESIAN_POINT('Origin',(0.,0.,0.));
#3768=CARTESIAN_POINT('Origin',(0.,0.,2.5));
#3769=CARTESIAN_POINT('Origin',(0.,0.,0.));
#3770=CARTESIAN_POINT('',(0.,0.,0.));
#3771=CARTESIAN_POINT('Origin',(-279.5,23.5,-8.2));
#3772=CARTESIAN_POINT('',(-280.9,23.5,-8.2));
#3773=CARTESIAN_POINT('Origin',(-279.5,23.5,-8.2));
#3774=CARTESIAN_POINT('',(-280.9,23.5,-4.4));
#3775=CARTESIAN_POINT('',(-280.9,23.5,-8.2));
#3776=CARTESIAN_POINT('Origin',(-279.5,23.5,-4.4));
#3777=CARTESIAN_POINT('Origin',(-279.5,23.5,-4.4));
#3778=CARTESIAN_POINT('Origin',(-279.5,38.5,-8.2));
#3779=CARTESIAN_POINT('',(-280.9,38.5,-8.2));
#3780=CARTESIAN_POINT('Origin',(-279.5,38.5,-8.2));
#3781=CARTESIAN_POINT('',(-280.9,38.5,-4.4));
#3782=CARTESIAN_POINT('',(-280.9,38.5,-8.2));
#3783=CARTESIAN_POINT('Origin',(-279.5,38.5,-4.4));
#3784=CARTESIAN_POINT('Origin',(-279.5,38.5,-4.4));
#3785=CARTESIAN_POINT('Origin',(-243.75,23.5,33.8));
#3786=CARTESIAN_POINT('',(-243.75,22.35,29.));
#3787=CARTESIAN_POINT('Origin',(-243.75,23.5,29.));
#3788=CARTESIAN_POINT('',(-243.75,22.35,0.249999999999999));
#3789=CARTESIAN_POINT('',(-243.75,22.35,33.8));
#3790=CARTESIAN_POINT('Origin',(-243.75,23.5,0.25));
#3791=CARTESIAN_POINT('Origin',(-280.25,23.5,33.8));
#3792=CARTESIAN_POINT('',(-280.25,22.35,29.));
#3793=CARTESIAN_POINT('Origin',(-280.25,23.5,29.));
#3794=CARTESIAN_POINT('',(-280.25,22.35,0.249999999999999));
#3795=CARTESIAN_POINT('',(-280.25,22.35,33.8));
#3796=CARTESIAN_POINT('Origin',(-280.25,23.5,0.25));
#3797=CARTESIAN_POINT('Origin',(-243.75,38.5,33.8));
#3798=CARTESIAN_POINT('',(-243.75,39.65,29.));
#3799=CARTESIAN_POINT('Origin',(-243.75,38.5,29.));
#3800=CARTESIAN_POINT('',(-243.75,39.65,0.25));
#3801=CARTESIAN_POINT('',(-243.75,39.65,33.8));
#3802=CARTESIAN_POINT('Origin',(-243.75,38.5,0.25));
#3803=CARTESIAN_POINT('Origin',(-280.25,38.5,33.8));
#3804=CARTESIAN_POINT('',(-280.25,39.65,29.));
#3805=CARTESIAN_POINT('Origin',(-280.25,38.5,29.));
#3806=CARTESIAN_POINT('',(-280.25,39.65,0.25));
#3807=CARTESIAN_POINT('',(-280.25,39.65,33.8));
#3808=CARTESIAN_POINT('Origin',(-280.25,38.5,0.25));
#3809=CARTESIAN_POINT('Origin',(-260.,-69.,34.1));
#3810=CARTESIAN_POINT('',(-268.95,26.25,34.1));
#3811=CARTESIAN_POINT('',(-268.95,35.75,34.1));
#3812=CARTESIAN_POINT('',(-268.95,26.25,34.1));
#3813=CARTESIAN_POINT('',(-269.25,36.05,34.1));
#3814=CARTESIAN_POINT('Origin',(-269.25,35.75,34.1));
#3815=CARTESIAN_POINT('',(-275.75,36.05,34.1));
#3816=CARTESIAN_POINT('',(-269.25,36.05,34.1));
#3817=CARTESIAN_POINT('',(-276.05,35.75,34.1));
#3818=CARTESIAN_POINT('Origin',(-275.75,35.75,34.1));
#3819=CARTESIAN_POINT('',(-276.05,26.25,34.1));
#3820=CARTESIAN_POINT('',(-276.05,35.75,34.1));
#3821=CARTESIAN_POINT('',(-275.75,25.95,34.1));
#3822=CARTESIAN_POINT('Origin',(-275.75,26.25,34.1));
#3823=CARTESIAN_POINT('',(-269.25,25.95,34.1));
#3824=CARTESIAN_POINT('',(-269.25,25.95,34.1));
#3825=CARTESIAN_POINT('Origin',(-269.25,26.25,34.1));
#3826=CARTESIAN_POINT('Origin',(-276.05,31.,34.1));
#3827=CARTESIAN_POINT('',(-276.05,35.75,34.3));
#3828=CARTESIAN_POINT('',(-276.05,35.75,34.1));
#3829=CARTESIAN_POINT('',(-276.05,26.25,34.3));
#3830=CARTESIAN_POINT('',(-276.05,35.75,34.3));
#3831=CARTESIAN_POINT('',(-276.05,26.25,34.1));
#3832=CARTESIAN_POINT('Origin',(-268.95,31.,34.1));
#3833=CARTESIAN_POINT('',(-268.95,26.25,34.3));
#3834=CARTESIAN_POINT('',(-268.95,35.75,34.3));
#3835=CARTESIAN_POINT('',(-268.95,26.25,34.3));
#3836=CARTESIAN_POINT('',(-268.95,35.75,34.3));
#3837=CARTESIAN_POINT('',(-268.95,26.25,34.3));
#3838=CARTESIAN_POINT('Origin',(-279.5,31.,26.6));
#3839=CARTESIAN_POINT('',(-279.5,32.4,31.2));
#3840=CARTESIAN_POINT('Origin',(-279.5,31.,31.2));
#3841=CARTESIAN_POINT('',(-279.5,32.4,34.3));
#3842=CARTESIAN_POINT('',(-279.5,32.4,26.6));
#3843=CARTESIAN_POINT('Origin',(-279.5,31.,34.3));
#3844=CARTESIAN_POINT('Origin',(-242.5,41.,33.8));
#3845=CARTESIAN_POINT('',(-242.5,26.,34.3));
#3846=CARTESIAN_POINT('',(-242.5,36.,34.3));
#3847=CARTESIAN_POINT('',(-242.5,26.,34.3));
#3848=CARTESIAN_POINT('',(-242.,25.9,33.8));
#3849=CARTESIAN_POINT('Origin',(-242.5,26.,33.8));
#3850=CARTESIAN_POINT('',(-242.,36.1,33.8));
#3851=CARTESIAN_POINT('',(-242.,36.1,33.8));
#3852=CARTESIAN_POINT('Origin',(-242.5,36.,33.8));
#3853=CARTESIAN_POINT('Origin',(-262.,31.,34.3));
#3854=CARTESIAN_POINT('',(-280.25,36.,34.3));
#3855=CARTESIAN_POINT('',(-282.,36.,34.3));
#3856=CARTESIAN_POINT('',(-280.25,36.,34.3));
#3857=CARTESIAN_POINT('',(-282.,26.,34.3));
#3858=CARTESIAN_POINT('',(-282.,36.,34.3));
#3859=CARTESIAN_POINT('',(-280.25,26.,34.3));
#3860=CARTESIAN_POINT('',(-280.25,26.,34.3));
#3861=CARTESIAN_POINT('',(-277.75,23.5,34.3));
#3862=CARTESIAN_POINT('Origin',(-280.25,23.5,34.3));
#3863=CARTESIAN_POINT('',(-277.75,21.5,34.3));
#3864=CARTESIAN_POINT('',(-277.75,21.5,34.3));
#3865=CARTESIAN_POINT('',(-246.25,21.5,34.3));
#3866=CARTESIAN_POINT('',(-246.25,21.5,34.3));
#3867=CARTESIAN_POINT('',(-246.25,23.5,34.3));
#3868=CARTESIAN_POINT('',(-246.25,23.5,34.3));
#3869=CARTESIAN_POINT('',(-243.75,26.,34.3));
#3870=CARTESIAN_POINT('Origin',(-243.75,23.5,34.3));
#3871=CARTESIAN_POINT('',(-242.5,26.,34.3));
#3872=CARTESIAN_POINT('',(-243.75,36.,34.3));
#3873=CARTESIAN_POINT('',(-242.5,36.,34.3));
#3874=CARTESIAN_POINT('',(-246.25,38.5,34.3));
#3875=CARTESIAN_POINT('Origin',(-243.75,38.5,34.3));
#3876=CARTESIAN_POINT('',(-246.25,40.5,34.3));
#3877=CARTESIAN_POINT('',(-246.25,38.5,34.3));
#3878=CARTESIAN_POINT('',(-277.75,40.5,34.3));
#3879=CARTESIAN_POINT('',(-246.25,40.5,34.3));
#3880=CARTESIAN_POINT('',(-277.75,38.5,34.3));
#3881=CARTESIAN_POINT('',(-277.75,40.5,34.3));
#3882=CARTESIAN_POINT('Origin',(-280.25,38.5,34.3));
#3883=CARTESIAN_POINT('',(-272.5,25.4,34.3));
#3884=CARTESIAN_POINT('Origin',(-272.5,24.,34.3));
#3885=CARTESIAN_POINT('',(-272.5,36.6,34.3));
#3886=CARTESIAN_POINT('Origin',(-272.5,38.,34.3));
#3887=CARTESIAN_POINT('',(-256.9,31.,34.3));
#3888=CARTESIAN_POINT('Origin',(-252.,31.,34.3));
#3889=CARTESIAN_POINT('',(-275.75,36.05,34.3));
#3890=CARTESIAN_POINT('Origin',(-275.75,35.75,34.3));
#3891=CARTESIAN_POINT('',(-269.25,36.05,34.3));
#3892=CARTESIAN_POINT('',(-269.25,36.05,34.3));
#3893=CARTESIAN_POINT('Origin',(-269.25,35.75,34.3));
#3894=CARTESIAN_POINT('',(-269.25,25.95,34.3));
#3895=CARTESIAN_POINT('Origin',(-269.25,26.25,34.3));
#3896=CARTESIAN_POINT('',(-275.75,25.95,34.3));
#3897=CARTESIAN_POINT('',(-269.25,25.95,34.3));
#3898=CARTESIAN_POINT('Origin',(-275.75,26.25,34.3));
#3899=CARTESIAN_POINT('Origin',(-282.,41.,32.6));
#3900=CARTESIAN_POINT('',(-282.,22.,-7.7));
#3901=CARTESIAN_POINT('',(-282.,40.,-7.7));
#3902=CARTESIAN_POINT('',(-282.,22.,-7.7));
#3903=CARTESIAN_POINT('',(-282.,22.,28.5));
#3904=CARTESIAN_POINT('',(-282.,22.,28.5));
#3905=CARTESIAN_POINT('',(-282.,25.9,28.5));
#3906=CARTESIAN_POINT('',(-282.,25.9,28.5));
#3907=CARTESIAN_POINT('',(-282.,25.9,34.289897949));
#3908=CARTESIAN_POINT('',(-282.,25.9,34.289897949));
#3909=CARTESIAN_POINT('Origin',(-282.,26.,33.8));
#3910=CARTESIAN_POINT('',(-282.,36.1,34.289897949));
#3911=CARTESIAN_POINT('Origin',(-282.,36.,33.8));
#3912=CARTESIAN_POINT('',(-282.,36.1,28.5));
#3913=CARTESIAN_POINT('',(-282.,36.1,34.289897949));
#3914=CARTESIAN_POINT('',(-282.,40.,28.5));
#3915=CARTESIAN_POINT('',(-282.,36.1,28.5));
#3916=CARTESIAN_POINT('',(-282.,40.,28.5));
#3917=CARTESIAN_POINT('Origin',(-242.,41.,32.6));
#3918=CARTESIAN_POINT('',(-242.,40.,-7.7));
#3919=CARTESIAN_POINT('',(-242.,40.,28.5));
#3920=CARTESIAN_POINT('',(-242.,40.,-7.7));
#3921=CARTESIAN_POINT('',(-242.,36.1,28.5));
#3922=CARTESIAN_POINT('',(-242.,40.,28.5));
#3923=CARTESIAN_POINT('',(-242.,36.1,28.5));
#3924=CARTESIAN_POINT('',(-242.,25.9,28.5));
#3925=CARTESIAN_POINT('',(-242.,25.9,28.5));
#3926=CARTESIAN_POINT('',(-242.,22.,28.5));
#3927=CARTESIAN_POINT('',(-242.,22.,28.5));
#3928=CARTESIAN_POINT('',(-242.,22.,-7.7));
#3929=CARTESIAN_POINT('',(-242.,22.,-7.7));
#3930=CARTESIAN_POINT('',(-242.,40.,-7.7));
#3931=CARTESIAN_POINT('',(-242.,35.0193511114676,-2.73401089889423));
#3932=CARTESIAN_POINT('',(-242.,35.0193511114676,0.932308494913895));
#3933=CARTESIAN_POINT('',(-242.,35.0193511114676,15.86913123425));
#3934=CARTESIAN_POINT('',(-242.,26.9491999128942,-2.73401089889423));
#3935=CARTESIAN_POINT('',(-242.,36.,-2.73401089889423));
#3936=CARTESIAN_POINT('',(-242.,26.9491999128942,0.932308494913894));
#3937=CARTESIAN_POINT('',(-242.,26.9491999128942,15.86913123425));
#3938=CARTESIAN_POINT('',(-242.,36.,0.932308494913893));
#3939=CARTESIAN_POINT('Origin',(-262.,31.,31.2));
#3940=CARTESIAN_POINT('Origin',(-200.,-5.,34.8));
#3941=CARTESIAN_POINT('',(-256.4,31.,34.8));
#3942=CARTESIAN_POINT('Origin',(-252.,31.,34.8));
#3943=CARTESIAN_POINT('Origin',(-252.,31.,34.8));
#3944=CARTESIAN_POINT('Origin',(-256.9,31.,34.8));
#3945=CARTESIAN_POINT('Origin',(-277.85,21.4,32.6));
#3946=CARTESIAN_POINT('',(-277.85,21.,28.5));
#3947=CARTESIAN_POINT('',(-278.25,21.4,28.989897949));
#3948=CARTESIAN_POINT('Ctrl Pts',(-277.85,21.,28.5));
#3949=CARTESIAN_POINT('Ctrl Pts',(-277.901283965063,21.,28.5573372160185));
#3950=CARTESIAN_POINT('Ctrl Pts',(-277.95696915867,21.01032884013,28.6195591962567));
#3951=CARTESIAN_POINT('Ctrl Pts',(-278.062103107323,21.0560548507042,28.7387152617494));
#3952=CARTESIAN_POINT('Ctrl Pts',(-278.111544855206,21.0914281409748,28.7956646917719));
#3953=CARTESIAN_POINT('Ctrl Pts',(-278.177995210616,21.1674442613432,28.8760360983971));
#3954=CARTESIAN_POINT('Ctrl Pts',(-278.203635469342,21.2068071982766,28.9083673886966));
#3955=CARTESIAN_POINT('Ctrl Pts',(-278.239710898032,21.2974967109269,28.9601286594056));
#3956=CARTESIAN_POINT('Ctrl Pts',(-278.25,21.3489299753908,28.9794733234363));
#3957=CARTESIAN_POINT('Ctrl Pts',(-278.25,21.4,28.9898979485566));
#3958=CARTESIAN_POINT('',(-277.85,21.,33.8));
#3959=CARTESIAN_POINT('',(-277.85,21.,28.5));
#3960=CARTESIAN_POINT('',(-278.25,21.4,33.8));
#3961=CARTESIAN_POINT('Origin',(-277.85,21.4,33.8));
#3962=CARTESIAN_POINT('',(-278.25,21.4,33.8));
#3963=CARTESIAN_POINT('Origin',(-262.,21.5,28.5));
#3964=CARTESIAN_POINT('',(-278.25,21.5,29.));
#3965=CARTESIAN_POINT('Origin',(-278.25,21.5,28.5));
#3966=CARTESIAN_POINT('',(-281.,21.5,29.));
#3967=CARTESIAN_POINT('',(-278.25,21.5,29.));
#3968=CARTESIAN_POINT('',(-281.,21.,28.5));
#3969=CARTESIAN_POINT('Origin',(-281.,21.5,28.5));
#3970=CARTESIAN_POINT('',(-281.,21.,28.5));
#3971=CARTESIAN_POINT('Origin',(-242.,21.5,28.5));
#3972=CARTESIAN_POINT('',(-245.75,21.5,29.));
#3973=CARTESIAN_POINT('',(-245.75,21.4,28.989897949));
#3974=CARTESIAN_POINT('Origin',(-245.75,21.5,28.5));
#3975=CARTESIAN_POINT('',(-246.15,21.,28.5));
#3976=CARTESIAN_POINT('Ctrl Pts',(-245.75,21.4,28.9898979485566));
#3977=CARTESIAN_POINT('Ctrl Pts',(-245.749999999989,21.3489299753889,28.9794733234454));
#3978=CARTESIAN_POINT('Ctrl Pts',(-245.760289101968,21.2974967109269,28.9601286594056));
#3979=CARTESIAN_POINT('Ctrl Pts',(-245.796364530658,21.2068071982766,28.9083673886966));
#3980=CARTESIAN_POINT('Ctrl Pts',(-245.822004789384,21.1674442613432,28.8760360983971));
#3981=CARTESIAN_POINT('Ctrl Pts',(-245.888455144794,21.0914281409748,28.7956646917719));
#3982=CARTESIAN_POINT('Ctrl Pts',(-245.937896892677,21.0560548507042,28.7387152617494));
#3983=CARTESIAN_POINT('Ctrl Pts',(-246.04303084133,21.01032884013,28.6195591962567));
#3984=CARTESIAN_POINT('Ctrl Pts',(-246.098716034937,21.,28.5573372160185));
#3985=CARTESIAN_POINT('Ctrl Pts',(-246.15,21.,28.5));
#3986=CARTESIAN_POINT('',(-243.,21.,28.5));
#3987=CARTESIAN_POINT('',(-246.15,21.,28.5));
#3988=CARTESIAN_POINT('',(-243.,21.5,29.));
#3989=CARTESIAN_POINT('Origin',(-243.,21.5,28.5));
#3990=CARTESIAN_POINT('',(-243.,21.5,29.));
#3991=CARTESIAN_POINT('Origin',(-246.15,21.4,29.));
#3992=CARTESIAN_POINT('',(-245.75,21.4,33.8));
#3993=CARTESIAN_POINT('',(-245.75,21.4,28.989897949));
#3994=CARTESIAN_POINT('',(-246.15,21.,33.8));
#3995=CARTESIAN_POINT('Origin',(-246.15,21.4,33.8));
#3996=CARTESIAN_POINT('',(-246.15,21.,33.8));
#3997=CARTESIAN_POINT('Origin',(-262.,31.,29.));
#3998=CARTESIAN_POINT('',(-242.5,22.,29.));
#3999=CARTESIAN_POINT('Origin',(-243.,22.,29.));
#4000=CARTESIAN_POINT('',(-242.5,25.5,29.));
#4001=CARTESIAN_POINT('',(-242.5,25.5,29.));
#4002=CARTESIAN_POINT('',(-243.75,25.5,29.));
#4003=CARTESIAN_POINT('',(-243.75,25.5,29.));
#4004=CARTESIAN_POINT('',(-245.75,23.5,29.));
#4005=CARTESIAN_POINT('Origin',(-243.75,23.5,29.));
#4006=CARTESIAN_POINT('',(-245.75,23.5,29.));
#4007=CARTESIAN_POINT('Ctrl Pts',(-243.,21.,28.5));
#4008=CARTESIAN_POINT('Ctrl Pts',(-242.,21.,28.5));
#4009=CARTESIAN_POINT('Ctrl Pts',(-242.,22.,28.5));
#4010=CARTESIAN_POINT('Ctrl Pts',(-243.,21.,29.));
#4011=CARTESIAN_POINT('Ctrl Pts',(-242.,21.,29.));
#4012=CARTESIAN_POINT('Ctrl Pts',(-242.,22.,29.));
#4013=CARTESIAN_POINT('Ctrl Pts',(-243.,21.5,29.));
#4014=CARTESIAN_POINT('Ctrl Pts',(-242.5,21.5,29.));
#4015=CARTESIAN_POINT('Ctrl Pts',(-242.5,22.,29.));
#4016=CARTESIAN_POINT('Origin',(-242.5,22.,28.5));
#4017=CARTESIAN_POINT('Origin',(-243.,22.,28.5));
#4018=CARTESIAN_POINT('Ctrl Pts',(-282.,22.,28.5));
#4019=CARTESIAN_POINT('Ctrl Pts',(-282.,21.,28.5));
#4020=CARTESIAN_POINT('Ctrl Pts',(-281.,21.,28.5));
#4021=CARTESIAN_POINT('Ctrl Pts',(-282.,22.,29.));
#4022=CARTESIAN_POINT('Ctrl Pts',(-282.,21.,29.));
#4023=CARTESIAN_POINT('Ctrl Pts',(-281.,21.,29.));
#4024=CARTESIAN_POINT('Ctrl Pts',(-281.5,22.,29.));
#4025=CARTESIAN_POINT('Ctrl Pts',(-281.5,21.5,29.));
#4026=CARTESIAN_POINT('Ctrl Pts',(-281.,21.5,29.));
#4027=CARTESIAN_POINT('',(-281.5,22.,29.));
#4028=CARTESIAN_POINT('Origin',(-281.5,22.,28.5));
#4029=CARTESIAN_POINT('Origin',(-281.,22.,28.5));
#4030=CARTESIAN_POINT('Origin',(-281.,22.,29.));
#4031=CARTESIAN_POINT('Origin',(-262.,31.,29.));
#4032=CARTESIAN_POINT('',(-278.25,23.5,29.));
#4033=CARTESIAN_POINT('',(-278.25,23.5,29.));
#4034=CARTESIAN_POINT('',(-280.25,25.5,29.));
#4035=CARTESIAN_POINT('Origin',(-280.25,23.5,29.));
#4036=CARTESIAN_POINT('',(-281.5,25.5,29.));
#4037=CARTESIAN_POINT('',(-280.25,25.5,29.));
#4038=CARTESIAN_POINT('',(-281.5,22.,29.));
#4039=CARTESIAN_POINT('Origin',(-260.,131.,31.2));
#4040=CARTESIAN_POINT('',(-272.5,25.4,31.2));
#4041=CARTESIAN_POINT('Origin',(-272.5,24.,31.2));
#4042=CARTESIAN_POINT('Origin',(-262.,25.5,29.));
#4043=CARTESIAN_POINT('',(-281.6,25.5,28.989897949));
#4044=CARTESIAN_POINT('',(-281.6,25.5,33.8));
#4045=CARTESIAN_POINT('',(-281.6,25.5,28.989897949));
#4046=CARTESIAN_POINT('Origin',(-281.5,25.5,28.5));
#4047=CARTESIAN_POINT('',(-280.25,25.5,33.8));
#4048=CARTESIAN_POINT('',(-280.25,25.5,29.));
#4049=CARTESIAN_POINT('',(-281.6,25.5,33.8));
#4050=CARTESIAN_POINT('Origin',(-280.25,23.5,29.));
#4051=CARTESIAN_POINT('',(-278.25,23.5,33.8));
#4052=CARTESIAN_POINT('',(-278.25,23.5,29.));
#4053=CARTESIAN_POINT('Origin',(-280.25,23.5,33.8));
#4054=CARTESIAN_POINT('Origin',(-278.25,31.,29.));
#4055=CARTESIAN_POINT('',(-278.25,23.5,33.8));
#4056=CARTESIAN_POINT('Ctrl Pts',(-277.75,21.5,34.3));
#4057=CARTESIAN_POINT('Ctrl Pts',(-277.75,21.5,34.3));
#4058=CARTESIAN_POINT('Ctrl Pts',(-277.75,21.5,34.3));
#4059=CARTESIAN_POINT('Ctrl Pts',(-277.75,21.5,34.3));
#4060=CARTESIAN_POINT('Ctrl Pts',(-277.75,21.5,34.3));
#4061=CARTESIAN_POINT('Ctrl Pts',(-277.75,21.5,34.3));
#4062=CARTESIAN_POINT('Ctrl Pts',(-277.75,21.5,34.3));
#4063=CARTESIAN_POINT('Ctrl Pts',(-277.75,21.5,34.3));
#4064=CARTESIAN_POINT('Ctrl Pts',(-277.75,21.5,34.3));
#4065=CARTESIAN_POINT('Ctrl Pts',(-277.75,21.5,34.3));
#4066=CARTESIAN_POINT('Ctrl Pts',(-277.815449843619,21.4869100276185,34.3));
#4067=CARTESIAN_POINT('Ctrl Pts',(-277.815457529736,21.4869177137369,34.3));
#4068=CARTESIAN_POINT('Ctrl Pts',(-277.802359878,21.473820061,34.3));
#4069=CARTESIAN_POINT('Ctrl Pts',(-277.802359878,21.473820061,34.3));
#4070=CARTESIAN_POINT('Ctrl Pts',(-277.789269908,21.460730092,34.3));
#4071=CARTESIAN_POINT('Ctrl Pts',(-277.789269908,21.460730092,34.3));
#4072=CARTESIAN_POINT('Ctrl Pts',(-277.776179939,21.447640122,34.3));
#4073=CARTESIAN_POINT('Ctrl Pts',(-277.776179939,21.447640122,34.3));
#4074=CARTESIAN_POINT('Ctrl Pts',(-277.763082286263,21.4345424702637,34.3));
#4075=CARTESIAN_POINT('Ctrl Pts',(-277.763089972382,21.4345501563815,34.3));
#4076=CARTESIAN_POINT('Ctrl Pts',(-277.880881596681,21.4738328992341,34.2869847132517));
#4077=CARTESIAN_POINT('Ctrl Pts',(-277.872182995889,21.4650973008527,34.2888311779729));
#4078=CARTESIAN_POINT('Ctrl Pts',(-277.863467740587,21.4563616512814,34.2902085809695));
#4079=CARTESIAN_POINT('Ctrl Pts',(-277.846025177,21.438893903,34.292042633));
#4080=CARTESIAN_POINT('Ctrl Pts',(-277.837297788,21.430161705,34.292499578));
#4081=CARTESIAN_POINT('Ctrl Pts',(-277.819838295,21.412702212,34.292499578));
#4082=CARTESIAN_POINT('Ctrl Pts',(-277.811106097,21.403974823,34.292042633));
#4083=CARTESIAN_POINT('Ctrl Pts',(-277.793638348719,21.3865322594128,34.2902085809695));
#4084=CARTESIAN_POINT('Ctrl Pts',(-277.784902699147,21.3778170041111,34.2888311779729));
#4085=CARTESIAN_POINT('Ctrl Pts',(-277.776167100766,21.3691184033191,34.2869847132517));
#4086=CARTESIAN_POINT('Ctrl Pts',(-278.001821997591,21.449654036628,34.2368864665606));
#4087=CARTESIAN_POINT('Ctrl Pts',(-277.98760893158,21.4315462869842,34.2445319181656));
#4088=CARTESIAN_POINT('Ctrl Pts',(-277.972452753571,21.4134386728872,34.2503291469322));
#4089=CARTESIAN_POINT('Ctrl Pts',(-277.940687231,21.377730614,34.258074021));
#4090=CARTESIAN_POINT('Ctrl Pts',(-277.924078688,21.360130433,34.260022714));
#4091=CARTESIAN_POINT('Ctrl Pts',(-277.889869567,21.325921312,34.260022714));
#4092=CARTESIAN_POINT('Ctrl Pts',(-277.872269386,21.309312769,34.258074021));
#4093=CARTESIAN_POINT('Ctrl Pts',(-277.836561327113,21.2775472464293,34.2503291469322));
#4094=CARTESIAN_POINT('Ctrl Pts',(-277.818453713016,21.2623910684198,34.2445319181656));
#4095=CARTESIAN_POINT('Ctrl Pts',(-277.800345963372,21.2481780024089,34.2368864665606));
#4096=CARTESIAN_POINT('Ctrl Pts',(-278.057286829637,21.4385657002142,34.199823234187));
#4097=CARTESIAN_POINT('Ctrl Pts',(-278.041980791292,21.415415178213,34.2114000990194));
#4098=CARTESIAN_POINT('Ctrl Pts',(-278.024793370124,21.3922650301373,34.2202437833427));
#4099=CARTESIAN_POINT('Ctrl Pts',(-277.987488458,21.346990645,34.232076217));
#4100=CARTESIAN_POINT('Ctrl Pts',(-277.967372925,21.324867164,34.235066424));
#4101=CARTESIAN_POINT('Ctrl Pts',(-277.925132836,21.282627075,34.235066424));
#4102=CARTESIAN_POINT('Ctrl Pts',(-277.903009355,21.262511542,34.232076217));
#4103=CARTESIAN_POINT('Ctrl Pts',(-277.857734969863,21.2252066298761,34.2202437833427));
#4104=CARTESIAN_POINT('Ctrl Pts',(-277.834584821787,21.2080192087079,34.2114000990194));
#4105=CARTESIAN_POINT('Ctrl Pts',(-277.811434299786,21.1927131703626,34.199823234187));
#4106=CARTESIAN_POINT('Ctrl Pts',(-278.149845037716,21.42006311985,34.1072584571016));
#4107=CARTESIAN_POINT('Ctrl Pts',(-278.136645419865,21.3861947000529,34.1241948788728));
#4108=CARTESIAN_POINT('Ctrl Pts',(-278.118826680488,21.3523297883147,34.1373600928169));
#4109=CARTESIAN_POINT('Ctrl Pts',(-278.075506461,21.287468195,34.155038506));
#4110=CARTESIAN_POINT('Ctrl Pts',(-278.050012429,21.256478214,34.159552197));
#4111=CARTESIAN_POINT('Ctrl Pts',(-277.993521786,21.199987571,34.159552197));
#4112=CARTESIAN_POINT('Ctrl Pts',(-277.962531805,21.174493539,34.155038506));
#4113=CARTESIAN_POINT('Ctrl Pts',(-277.897670211685,21.1311733195122,34.1373600928169));
#4114=CARTESIAN_POINT('Ctrl Pts',(-277.863805299947,21.1133545801345,34.1241948788728));
#4115=CARTESIAN_POINT('Ctrl Pts',(-277.82993688015,21.1001549622837,34.1072584571015));
#4116=CARTESIAN_POINT('Ctrl Pts',(-278.186901911674,21.412656239547,34.0517935460881));
#4117=CARTESIAN_POINT('Ctrl Pts',(-278.176997226205,21.3730210481742,34.0699129811229));
#4118=CARTESIAN_POINT('Ctrl Pts',(-278.160679875458,21.3333926914055,34.0841619214751));
#4119=CARTESIAN_POINT('Ctrl Pts',(-278.117025814,21.258379573,34.103342463));
#4120=CARTESIAN_POINT('Ctrl Pts',(-278.089700967,21.223007726,34.108272861));
#4121=CARTESIAN_POINT('Ctrl Pts',(-278.026992274,21.160299033,34.108272861));
#4122=CARTESIAN_POINT('Ctrl Pts',(-277.991620427,21.132974186,34.103342463));
#4123=CARTESIAN_POINT('Ctrl Pts',(-277.916607308595,21.0893201245422,34.0841619214751));
#4124=CARTESIAN_POINT('Ctrl Pts',(-277.876978951826,21.073002773795,34.0699129811229));
#4125=CARTESIAN_POINT('Ctrl Pts',(-277.837343760453,21.0630980883263,34.051793546088));
#4126=CARTESIAN_POINT('Ctrl Pts',(-278.236993722282,21.4026449540025,33.9308509998753));
#4127=CARTESIAN_POINT('Ctrl Pts',(-278.233921746056,21.3536015025593,33.9440872686918));
#4128=CARTESIAN_POINT('Ctrl Pts',(-278.221485195633,21.3045731914364,33.9546500087976));
#4129=CARTESIAN_POINT('Ctrl Pts',(-278.179667464007,21.2133713817547,33.9689132118605));
#4130=CARTESIAN_POINT('Ctrl Pts',(-278.15030535275,21.1712259221776,33.9726107287236));
#4131=CARTESIAN_POINT('Ctrl Pts',(-278.078774077822,21.0996946472503,33.9726107287236));
#4132=CARTESIAN_POINT('Ctrl Pts',(-278.036628618245,21.0703325359933,33.9689132118605));
#4133=CARTESIAN_POINT('Ctrl Pts',(-277.945426808564,21.028514804367,33.9546500087976));
#4134=CARTESIAN_POINT('Ctrl Pts',(-277.896398497441,21.0160782539436,33.9440872686918));
#4135=CARTESIAN_POINT('Ctrl Pts',(-277.847355045997,21.0130062777182,33.9308509998753));
#4136=CARTESIAN_POINT('Ctrl Pts',(-278.250004857636,21.4000451184914,33.8654193737476));
#4137=CARTESIAN_POINT('Ctrl Pts',(-278.250012119125,21.3476686205146,33.8722736946563));
#4138=CARTESIAN_POINT('Ctrl Pts',(-278.239601717542,21.295311580197,33.8777623400565));
#4139=CARTESIAN_POINT('Ctrl Pts',(-278.199521971434,21.1985468704966,33.8851794704392));
#4140=CARTESIAN_POINT('Ctrl Pts',(-278.169874046652,21.1541749428282,33.8871060810124));
#4141=CARTESIAN_POINT('Ctrl Pts',(-278.095825057172,21.0801259533481,33.8871060810124));
#4142=CARTESIAN_POINT('Ctrl Pts',(-278.051453129503,21.0504780285658,33.8851794704392));
#4143=CARTESIAN_POINT('Ctrl Pts',(-277.954688419803,21.0103982824581,33.8777623400565));
#4144=CARTESIAN_POINT('Ctrl Pts',(-277.902331379485,20.9999878808747,33.8722736946563));
#4145=CARTESIAN_POINT('Ctrl Pts',(-277.849954881508,20.9999951423639,33.8654193737476));
#4146=CARTESIAN_POINT('Ctrl Pts',(-278.249999995949,21.4000460899352,33.7999633263943));
#4147=CARTESIAN_POINT('Ctrl Pts',(-278.250006106951,21.347670837311,33.7999594839634));
#4148=CARTESIAN_POINT('Ctrl Pts',(-278.239594948353,21.2953150407331,33.7999564071139));
#4149=CARTESIAN_POINT('Ctrl Pts',(-278.199514552922,21.1985524095517,33.7999522491867));
#4150=CARTESIAN_POINT('Ctrl Pts',(-278.169866734952,21.1541813137847,33.7999511691598));
#4151=CARTESIAN_POINT('Ctrl Pts',(-278.095818686215,21.0801332650483,33.7999511691598));
#4152=CARTESIAN_POINT('Ctrl Pts',(-278.051447590448,21.0504854470782,33.7999522491867));
#4153=CARTESIAN_POINT('Ctrl Pts',(-277.954684959267,21.0104050516467,33.7999564071139));
#4154=CARTESIAN_POINT('Ctrl Pts',(-277.902329162689,20.9999938930493,33.7999594839634));
#4155=CARTESIAN_POINT('Ctrl Pts',(-277.849953910065,21.0000000040509,33.7999633263943));
#4156=CARTESIAN_POINT('Origin',(-277.75,21.5,33.8));
#4157=CARTESIAN_POINT('Origin',(-277.75,21.5,33.8));
#4158=CARTESIAN_POINT('Origin',(-245.75,31.,29.));
#4159=CARTESIAN_POINT('',(-245.75,23.5,33.8));
#4160=CARTESIAN_POINT('',(-245.75,23.5,29.));
#4161=CARTESIAN_POINT('',(-245.75,21.4,33.8));
#4162=CARTESIAN_POINT('Ctrl Pts',(-245.750000004051,21.4000460899204,33.7999633264061));
#4163=CARTESIAN_POINT('Ctrl Pts',(-245.749993893051,21.3476708373012,33.7999594839766));
#4164=CARTESIAN_POINT('Ctrl Pts',(-245.760405051649,21.2953150407285,33.799956407128));
#4165=CARTESIAN_POINT('Ctrl Pts',(-245.800485447078,21.1985524095517,33.7999522492022));
#4166=CARTESIAN_POINT('Ctrl Pts',(-245.830133265048,21.1541813137847,33.7999511691756));
#4167=CARTESIAN_POINT('Ctrl Pts',(-245.904181313785,21.0801332650483,33.7999511691756));
#4168=CARTESIAN_POINT('Ctrl Pts',(-245.948552409552,21.0504854470782,33.7999522492022));
#4169=CARTESIAN_POINT('Ctrl Pts',(-246.045315040729,21.0104050516487,33.799956407128));
#4170=CARTESIAN_POINT('Ctrl Pts',(-246.097670837301,20.9999938930513,33.7999594839766));
#4171=CARTESIAN_POINT('Ctrl Pts',(-246.150046089921,21.0000000040509,33.7999633264061));
#4172=CARTESIAN_POINT('Ctrl Pts',(-245.749995142366,21.4000451184769,33.8654193737575));
#4173=CARTESIAN_POINT('Ctrl Pts',(-245.749987880879,21.3476686205054,33.872273694666));
#4174=CARTESIAN_POINT('Ctrl Pts',(-245.760398282462,21.2953115801936,33.8777623400661));
#4175=CARTESIAN_POINT('Ctrl Pts',(-245.800478028568,21.1985468704984,33.8851794704493));
#4176=CARTESIAN_POINT('Ctrl Pts',(-245.830125953351,21.1541749428302,33.8871060810228));
#4177=CARTESIAN_POINT('Ctrl Pts',(-245.90417494283,21.0801259533505,33.8871060810228));
#4178=CARTESIAN_POINT('Ctrl Pts',(-245.948546870498,21.0504780285682,33.8851794704493));
#4179=CARTESIAN_POINT('Ctrl Pts',(-246.045311580194,21.0103982824622,33.8777623400661));
#4180=CARTESIAN_POINT('Ctrl Pts',(-246.097668620506,20.9999878808786,33.872273694666));
#4181=CARTESIAN_POINT('Ctrl Pts',(-246.150045118477,20.9999951423654,33.8654193737575));
#4182=CARTESIAN_POINT('Ctrl Pts',(-245.763006277721,21.402644953989,33.9308509998827));
#4183=CARTESIAN_POINT('Ctrl Pts',(-245.766078253948,21.3536015025506,33.9440872686976));
#4184=CARTESIAN_POINT('Ctrl Pts',(-245.778514804371,21.304573191433,33.9546500088022));
#4185=CARTESIAN_POINT('Ctrl Pts',(-245.820332535995,21.2133713817561,33.9689132118645));
#4186=CARTESIAN_POINT('Ctrl Pts',(-245.849694647252,21.1712259221791,33.9726107287277));
#4187=CARTESIAN_POINT('Ctrl Pts',(-245.921225922179,21.0996946472521,33.9726107287277));
#4188=CARTESIAN_POINT('Ctrl Pts',(-245.963371381756,21.0703325359952,33.9689132118645));
#4189=CARTESIAN_POINT('Ctrl Pts',(-246.054573191433,21.0285148043708,33.9546500088022));
#4190=CARTESIAN_POINT('Ctrl Pts',(-246.103601502551,21.0160782539477,33.9440872686976));
#4191=CARTESIAN_POINT('Ctrl Pts',(-246.152644953989,21.0130062777205,33.9308509998827));
#4192=CARTESIAN_POINT('Ctrl Pts',(-245.813098088329,21.4126562395358,34.0517935460932));
#4193=CARTESIAN_POINT('Ctrl Pts',(-245.823002773798,21.3730210481668,34.0699129811256));
#4194=CARTESIAN_POINT('Ctrl Pts',(-245.839320124544,21.333392691402,34.084161921476));
#4195=CARTESIAN_POINT('Ctrl Pts',(-245.882974186,21.258379573,34.103342463));
#4196=CARTESIAN_POINT('Ctrl Pts',(-245.910299033,21.223007726,34.108272861));
#4197=CARTESIAN_POINT('Ctrl Pts',(-245.973007726,21.160299033,34.108272861));
#4198=CARTESIAN_POINT('Ctrl Pts',(-246.008379573,21.132974186,34.103342463));
#4199=CARTESIAN_POINT('Ctrl Pts',(-246.083392691402,21.0893201245442,34.084161921476));
#4200=CARTESIAN_POINT('Ctrl Pts',(-246.123021048167,21.0730027737981,34.0699129811256));
#4201=CARTESIAN_POINT('Ctrl Pts',(-246.162656239536,21.0630980883292,34.0517935460932));
#4202=CARTESIAN_POINT('Ctrl Pts',(-245.850154962287,21.4200631198404,34.1072584571064));
#4203=CARTESIAN_POINT('Ctrl Pts',(-245.863354580138,21.3861947000465,34.1241948788753));
#4204=CARTESIAN_POINT('Ctrl Pts',(-245.881173319514,21.3523297883116,34.1373600928178));
#4205=CARTESIAN_POINT('Ctrl Pts',(-245.924493539,21.287468195,34.155038506));
#4206=CARTESIAN_POINT('Ctrl Pts',(-245.949987571,21.256478214,34.159552197));
#4207=CARTESIAN_POINT('Ctrl Pts',(-246.006478214,21.199987571,34.159552197));
#4208=CARTESIAN_POINT('Ctrl Pts',(-246.037468195,21.174493539,34.155038506));
#4209=CARTESIAN_POINT('Ctrl Pts',(-246.102329788312,21.1311733195143,34.1373600928178));
#4210=CARTESIAN_POINT('Ctrl Pts',(-246.136194700047,21.1133545801379,34.1241948788753));
#4211=CARTESIAN_POINT('Ctrl Pts',(-246.17006311984,21.1001549622874,34.1072584571064));
#4212=CARTESIAN_POINT('Ctrl Pts',(-245.942713170367,21.4385657002077,34.1998232341903));
#4213=CARTESIAN_POINT('Ctrl Pts',(-245.958019208711,21.4154151782086,34.2114000990211));
#4214=CARTESIAN_POINT('Ctrl Pts',(-245.975206629878,21.3922650301352,34.2202437833433));
#4215=CARTESIAN_POINT('Ctrl Pts',(-246.012511542,21.346990645,34.232076217));
#4216=CARTESIAN_POINT('Ctrl Pts',(-246.032627075,21.324867164,34.235066424));
#4217=CARTESIAN_POINT('Ctrl Pts',(-246.074867164,21.282627075,34.235066424));
#4218=CARTESIAN_POINT('Ctrl Pts',(-246.096990645,21.262511542,34.232076217));
#4219=CARTESIAN_POINT('Ctrl Pts',(-246.142265030135,21.2252066298779,34.2202437833433));
#4220=CARTESIAN_POINT('Ctrl Pts',(-246.165415178209,21.2080192087111,34.2114000990211));
#4221=CARTESIAN_POINT('Ctrl Pts',(-246.188565700208,21.192713170367,34.1998232341903));
#4222=CARTESIAN_POINT('Ctrl Pts',(-245.998178002413,21.4496540366228,34.2368864665628));
#4223=CARTESIAN_POINT('Ctrl Pts',(-246.012391068423,21.4315462869808,34.2445319181667));
#4224=CARTESIAN_POINT('Ctrl Pts',(-246.027547246431,21.4134386728855,34.2503291469325));
#4225=CARTESIAN_POINT('Ctrl Pts',(-246.059312769,21.377730614,34.258074021));
#4226=CARTESIAN_POINT('Ctrl Pts',(-246.075921312,21.360130433,34.260022714));
#4227=CARTESIAN_POINT('Ctrl Pts',(-246.110130433,21.325921312,34.260022714));
#4228=CARTESIAN_POINT('Ctrl Pts',(-246.127730614,21.309312769,34.258074021));
#4229=CARTESIAN_POINT('Ctrl Pts',(-246.163438672886,21.2775472464308,34.2503291469325));
#4230=CARTESIAN_POINT('Ctrl Pts',(-246.181546286981,21.2623910684227,34.2445319181667));
#4231=CARTESIAN_POINT('Ctrl Pts',(-246.199654036623,21.2481780024129,34.2368864665628));
#4232=CARTESIAN_POINT('Ctrl Pts',(-246.119118403321,21.4738328992317,34.2869847132522));
#4233=CARTESIAN_POINT('Ctrl Pts',(-246.127817004113,21.4650973008511,34.2888311779732));
#4234=CARTESIAN_POINT('Ctrl Pts',(-246.136532259414,21.4563616512806,34.2902085809696));
#4235=CARTESIAN_POINT('Ctrl Pts',(-246.153974823,21.438893903,34.292042633));
#4236=CARTESIAN_POINT('Ctrl Pts',(-246.162702212,21.430161705,34.292499578));
#4237=CARTESIAN_POINT('Ctrl Pts',(-246.180161705,21.412702212,34.292499578));
#4238=CARTESIAN_POINT('Ctrl Pts',(-246.188893903,21.403974823,34.292042633));
#4239=CARTESIAN_POINT('Ctrl Pts',(-246.206361651281,21.3865322594137,34.2902085809696));
#4240=CARTESIAN_POINT('Ctrl Pts',(-246.215097300851,21.3778170041127,34.2888311779732));
#4241=CARTESIAN_POINT('Ctrl Pts',(-246.223832899232,21.3691184033215,34.2869847132522));
#4242=CARTESIAN_POINT('Ctrl Pts',(-246.184550156382,21.4869100276185,34.3));
#4243=CARTESIAN_POINT('Ctrl Pts',(-246.184542470266,21.4869177137344,34.3));
#4244=CARTESIAN_POINT('Ctrl Pts',(-246.197640122,21.473820061,34.3));
#4245=CARTESIAN_POINT('Ctrl Pts',(-246.197640122,21.473820061,34.3));
#4246=CARTESIAN_POINT('Ctrl Pts',(-246.210730092,21.460730092,34.3));
#4247=CARTESIAN_POINT('Ctrl Pts',(-246.210730092,21.460730092,34.3));
#4248=CARTESIAN_POINT('Ctrl Pts',(-246.223820061,21.447640122,34.3));
#4249=CARTESIAN_POINT('Ctrl Pts',(-246.223820061,21.447640122,34.3));
#4250=CARTESIAN_POINT('Ctrl Pts',(-246.236917713734,21.4345424702662,34.3));
#4251=CARTESIAN_POINT('Ctrl Pts',(-246.236910027619,21.4345501563815,34.3));
#4252=CARTESIAN_POINT('Ctrl Pts',(-246.25,21.5,34.3));
#4253=CARTESIAN_POINT('Ctrl Pts',(-246.25,21.5,34.3));
#4254=CARTESIAN_POINT('Ctrl Pts',(-246.25,21.5,34.3));
#4255=CARTESIAN_POINT('Ctrl Pts',(-246.25,21.5,34.3));
#4256=CARTESIAN_POINT('Ctrl Pts',(-246.25,21.5,34.3));
#4257=CARTESIAN_POINT('Ctrl Pts',(-246.25,21.5,34.3));
#4258=CARTESIAN_POINT('Ctrl Pts',(-246.25,21.5,34.3));
#4259=CARTESIAN_POINT('Ctrl Pts',(-246.25,21.5,34.3));
#4260=CARTESIAN_POINT('Ctrl Pts',(-246.25,21.5,34.3));
#4261=CARTESIAN_POINT('Ctrl Pts',(-246.25,21.5,34.3));
#4262=CARTESIAN_POINT('Origin',(-246.25,21.5,33.8));
#4263=CARTESIAN_POINT('Origin',(-246.25,21.5,33.8));
#4264=CARTESIAN_POINT('Origin',(-243.75,23.5,29.));
#4265=CARTESIAN_POINT('',(-243.75,25.5,33.8));
#4266=CARTESIAN_POINT('',(-243.75,25.5,29.));
#4267=CARTESIAN_POINT('Origin',(-243.75,23.5,33.8));
#4268=CARTESIAN_POINT('Origin',(-262.,25.5,29.));
#4269=CARTESIAN_POINT('',(-242.4,25.5,28.989897949));
#4270=CARTESIAN_POINT('Origin',(-242.5,25.5,28.5));
#4271=CARTESIAN_POINT('',(-242.4,25.5,33.8));
#4272=CARTESIAN_POINT('',(-242.4,25.5,33.8));
#4273=CARTESIAN_POINT('',(-243.75,25.5,33.8));
#4274=CARTESIAN_POINT('Origin',(-242.,21.,32.6));
#4275=CARTESIAN_POINT('',(-281.,21.,-7.7));
#4276=CARTESIAN_POINT('',(-281.,21.,-7.7));
#4277=CARTESIAN_POINT('',(-243.,21.,-7.7));
#4278=CARTESIAN_POINT('',(-243.,21.,-7.7));
#4279=CARTESIAN_POINT('',(-243.,21.,28.5));
#4280=CARTESIAN_POINT('',(-277.85,21.,33.8));
#4281=CARTESIAN_POINT('Origin',(-242.4,25.9,32.6));
#4282=CARTESIAN_POINT('Ctrl Pts',(-242.,25.9,28.5));
#4283=CARTESIAN_POINT('Ctrl Pts',(-242.,25.8487160349368,28.5573372160185));
#4284=CARTESIAN_POINT('Ctrl Pts',(-242.01032884013,25.7930308413303,28.6195591962567));
#4285=CARTESIAN_POINT('Ctrl Pts',(-242.056054850704,25.6878968926768,28.7387152617494));
#4286=CARTESIAN_POINT('Ctrl Pts',(-242.091428140975,25.6384551447941,28.7956646917719));
#4287=CARTESIAN_POINT('Ctrl Pts',(-242.167444261343,25.5720047893845,28.8760360983971));
#4288=CARTESIAN_POINT('Ctrl Pts',(-242.206807198277,25.5463645306584,28.9083673886967));
#4289=CARTESIAN_POINT('Ctrl Pts',(-242.297496710927,25.5102891019678,28.9601286594056));
#4290=CARTESIAN_POINT('Ctrl Pts',(-242.348929975391,25.5,28.9794733234363));
#4291=CARTESIAN_POINT('Ctrl Pts',(-242.4,25.5,28.9898979485566));
#4292=CARTESIAN_POINT('Origin',(-242.4,25.9,33.8));
#4293=CARTESIAN_POINT('Origin',(-242.5,31.,28.5));
#4294=CARTESIAN_POINT('Origin',(-243.,22.,32.6));
#4295=CARTESIAN_POINT('Origin',(-243.,22.,-7.7));
#4296=CARTESIAN_POINT('Origin',(-281.,22.,32.6));
#4297=CARTESIAN_POINT('Origin',(-281.,22.,-7.7));
#4298=CARTESIAN_POINT('Origin',(-281.5,21.,28.5));
#4299=CARTESIAN_POINT('Ctrl Pts',(-281.6,25.5,28.9898979485566));
#4300=CARTESIAN_POINT('Ctrl Pts',(-281.651070024611,25.4999999999889,28.9794733234454));
#4301=CARTESIAN_POINT('Ctrl Pts',(-281.702503289073,25.5102891019679,28.9601286594055));
#4302=CARTESIAN_POINT('Ctrl Pts',(-281.793192801723,25.5463645306584,28.9083673886966));
#4303=CARTESIAN_POINT('Ctrl Pts',(-281.832555738657,25.5720047893845,28.8760360983971));
#4304=CARTESIAN_POINT('Ctrl Pts',(-281.908571859025,25.6384551447941,28.7956646917719));
#4305=CARTESIAN_POINT('Ctrl Pts',(-281.943945149296,25.6878968926768,28.7387152617494));
#4306=CARTESIAN_POINT('Ctrl Pts',(-281.98967115987,25.7930308413302,28.6195591962567));
#4307=CARTESIAN_POINT('Ctrl Pts',(-282.,25.8487160349369,28.5573372160185));
#4308=CARTESIAN_POINT('Ctrl Pts',(-282.,25.9,28.5));
#4309=CARTESIAN_POINT('Origin',(-281.6,25.9,29.));
#4310=CARTESIAN_POINT('Ctrl Pts',(-282.,25.9,34.2898979485566));
#4311=CARTESIAN_POINT('Ctrl Pts',(-282.000000000011,25.8489299753889,34.2794733234454));
#4312=CARTESIAN_POINT('Ctrl Pts',(-281.989710898032,25.7974967109269,34.2601286594056));
#4313=CARTESIAN_POINT('Ctrl Pts',(-281.953635469342,25.7068071982766,34.2083673886966));
#4314=CARTESIAN_POINT('Ctrl Pts',(-281.927995210616,25.6674442613432,34.1760360983971));
#4315=CARTESIAN_POINT('Ctrl Pts',(-281.861544855206,25.5914281409748,34.0956646917719));
#4316=CARTESIAN_POINT('Ctrl Pts',(-281.812103107323,25.5560548507042,34.0387152617494));
#4317=CARTESIAN_POINT('Ctrl Pts',(-281.70696915867,25.51032884013,33.9195591962567));
#4318=CARTESIAN_POINT('Ctrl Pts',(-281.651283965063,25.5,33.8573372160185));
#4319=CARTESIAN_POINT('Ctrl Pts',(-281.6,25.5,33.8));
#4320=CARTESIAN_POINT('Origin',(-272.5,24.,26.6));
#4321=CARTESIAN_POINT('',(-272.5,25.4,26.6));
#4322=CARTESIAN_POINT('Origin',(-262.,26.,33.8));
#4323=CARTESIAN_POINT('Origin',(-280.25,26.,33.8));
#4324=CARTESIAN_POINT('Origin',(-280.25,23.5,33.8));
#4325=CARTESIAN_POINT('Origin',(-277.75,23.5,33.8));
#4326=CARTESIAN_POINT('Origin',(-277.75,31.,33.8));
#4327=CARTESIAN_POINT('Origin',(-262.,21.5,33.8));
#4328=CARTESIAN_POINT('Origin',(-246.25,31.,33.8));
#4329=CARTESIAN_POINT('Origin',(-246.25,23.5,33.8));
#4330=CARTESIAN_POINT('Origin',(-243.75,23.5,33.8));
#4331=CARTESIAN_POINT('Origin',(-243.75,26.,33.8));
#4332=CARTESIAN_POINT('Origin',(-262.,26.,33.8));
#4333=CARTESIAN_POINT('Origin',(-242.5,26.,33.8));
#4334=CARTESIAN_POINT('Ctrl Pts',(-242.5,26.,34.3));
#4335=CARTESIAN_POINT('Ctrl Pts',(-242.5,26.,34.3));
#4336=CARTESIAN_POINT('Ctrl Pts',(-242.5,26.,34.3));
#4337=CARTESIAN_POINT('Ctrl Pts',(-242.5,26.,34.3));
#4338=CARTESIAN_POINT('Ctrl Pts',(-242.5,26.,34.3));
#4339=CARTESIAN_POINT('Ctrl Pts',(-242.5,26.,34.3));
#4340=CARTESIAN_POINT('Ctrl Pts',(-242.5,26.,34.3));
#4341=CARTESIAN_POINT('Ctrl Pts',(-242.5,26.,34.3));
#4342=CARTESIAN_POINT('Ctrl Pts',(-242.5,26.,34.3));
#4343=CARTESIAN_POINT('Ctrl Pts',(-242.5,26.,34.3));
#4344=CARTESIAN_POINT('Ctrl Pts',(-242.486910027619,25.9345501563815,34.3));
#4345=CARTESIAN_POINT('Ctrl Pts',(-242.486917713737,25.9345424702637,34.3));
#4346=CARTESIAN_POINT('Ctrl Pts',(-242.473820061,25.947640122,34.3));
#4347=CARTESIAN_POINT('Ctrl Pts',(-242.473820061,25.947640122,34.3));
#4348=CARTESIAN_POINT('Ctrl Pts',(-242.460730092,25.960730092,34.3));
#4349=CARTESIAN_POINT('Ctrl Pts',(-242.460730092,25.960730092,34.3));
#4350=CARTESIAN_POINT('Ctrl Pts',(-242.447640122,25.973820061,34.3));
#4351=CARTESIAN_POINT('Ctrl Pts',(-242.447640122,25.973820061,34.3));
#4352=CARTESIAN_POINT('Ctrl Pts',(-242.434542470264,25.9869177137369,34.3));
#4353=CARTESIAN_POINT('Ctrl Pts',(-242.434550156382,25.9869100276185,34.3));
#4354=CARTESIAN_POINT('Ctrl Pts',(-242.473832899234,25.8691184033191,34.2869847132517));
#4355=CARTESIAN_POINT('Ctrl Pts',(-242.465097300853,25.8778170041111,34.2888311779729));
#4356=CARTESIAN_POINT('Ctrl Pts',(-242.456361651281,25.8865322594129,34.2902085809695));
#4357=CARTESIAN_POINT('Ctrl Pts',(-242.438893903,25.903974823,34.292042633));
#4358=CARTESIAN_POINT('Ctrl Pts',(-242.430161705,25.912702212,34.292499578));
#4359=CARTESIAN_POINT('Ctrl Pts',(-242.412702212,25.930161705,34.292499578));
#4360=CARTESIAN_POINT('Ctrl Pts',(-242.403974823,25.938893903,34.292042633));
#4361=CARTESIAN_POINT('Ctrl Pts',(-242.386532259413,25.9563616512814,34.2902085809695));
#4362=CARTESIAN_POINT('Ctrl Pts',(-242.377817004111,25.9650973008527,34.2888311779729));
#4363=CARTESIAN_POINT('Ctrl Pts',(-242.369118403319,25.9738328992341,34.2869847132517));
#4364=CARTESIAN_POINT('Ctrl Pts',(-242.449654036628,25.7481780024089,34.2368864665606));
#4365=CARTESIAN_POINT('Ctrl Pts',(-242.431546286984,25.7623910684198,34.2445319181656));
#4366=CARTESIAN_POINT('Ctrl Pts',(-242.413438672887,25.7775472464293,34.2503291469322));
#4367=CARTESIAN_POINT('Ctrl Pts',(-242.377730614,25.809312769,34.258074021));
#4368=CARTESIAN_POINT('Ctrl Pts',(-242.360130433,25.825921312,34.260022714));
#4369=CARTESIAN_POINT('Ctrl Pts',(-242.325921312,25.860130433,34.260022714));
#4370=CARTESIAN_POINT('Ctrl Pts',(-242.309312769,25.877730614,34.258074021));
#4371=CARTESIAN_POINT('Ctrl Pts',(-242.277547246429,25.9134386728872,34.2503291469322));
#4372=CARTESIAN_POINT('Ctrl Pts',(-242.26239106842,25.9315462869842,34.2445319181656));
#4373=CARTESIAN_POINT('Ctrl Pts',(-242.248178002409,25.949654036628,34.2368864665606));
#4374=CARTESIAN_POINT('Ctrl Pts',(-242.438565700214,25.6927131703626,34.199823234187));
#4375=CARTESIAN_POINT('Ctrl Pts',(-242.415415178213,25.7080192087079,34.2114000990194));
#4376=CARTESIAN_POINT('Ctrl Pts',(-242.392265030137,25.7252066298761,34.2202437833427));
#4377=CARTESIAN_POINT('Ctrl Pts',(-242.346990645,25.762511542,34.232076217));
#4378=CARTESIAN_POINT('Ctrl Pts',(-242.324867164,25.782627075,34.235066424));
#4379=CARTESIAN_POINT('Ctrl Pts',(-242.282627075,25.824867164,34.235066424));
#4380=CARTESIAN_POINT('Ctrl Pts',(-242.262511542,25.846990645,34.232076217));
#4381=CARTESIAN_POINT('Ctrl Pts',(-242.225206629876,25.8922650301373,34.2202437833427));
#4382=CARTESIAN_POINT('Ctrl Pts',(-242.208019208708,25.915415178213,34.2114000990194));
#4383=CARTESIAN_POINT('Ctrl Pts',(-242.192713170363,25.9385657002142,34.199823234187));
#4384=CARTESIAN_POINT('Ctrl Pts',(-242.42006311985,25.6001549622837,34.1072584571016));
#4385=CARTESIAN_POINT('Ctrl Pts',(-242.386194700053,25.6133545801345,34.1241948788728));
#4386=CARTESIAN_POINT('Ctrl Pts',(-242.352329788315,25.6311733195122,34.1373600928169));
#4387=CARTESIAN_POINT('Ctrl Pts',(-242.287468195,25.674493539,34.155038506));
#4388=CARTESIAN_POINT('Ctrl Pts',(-242.256478214,25.699987571,34.159552197));
#4389=CARTESIAN_POINT('Ctrl Pts',(-242.199987571,25.756478214,34.159552197));
#4390=CARTESIAN_POINT('Ctrl Pts',(-242.174493539,25.787468195,34.155038506));
#4391=CARTESIAN_POINT('Ctrl Pts',(-242.131173319512,25.8523297883147,34.1373600928169));
#4392=CARTESIAN_POINT('Ctrl Pts',(-242.113354580135,25.8861947000529,34.1241948788728));
#4393=CARTESIAN_POINT('Ctrl Pts',(-242.100154962284,25.92006311985,34.1072584571016));
#4394=CARTESIAN_POINT('Ctrl Pts',(-242.412656239547,25.5630980883264,34.051793546088));
#4395=CARTESIAN_POINT('Ctrl Pts',(-242.373021048174,25.573002773795,34.0699129811229));
#4396=CARTESIAN_POINT('Ctrl Pts',(-242.333392691406,25.5893201245422,34.0841619214751));
#4397=CARTESIAN_POINT('Ctrl Pts',(-242.258379573,25.632974186,34.103342463));
#4398=CARTESIAN_POINT('Ctrl Pts',(-242.223007726,25.660299033,34.108272861));
#4399=CARTESIAN_POINT('Ctrl Pts',(-242.160299033,25.723007726,34.108272861));
#4400=CARTESIAN_POINT('Ctrl Pts',(-242.132974186,25.758379573,34.103342463));
#4401=CARTESIAN_POINT('Ctrl Pts',(-242.089320124542,25.8333926914055,34.0841619214751));
#4402=CARTESIAN_POINT('Ctrl Pts',(-242.073002773795,25.8730210481742,34.0699129811229));
#4403=CARTESIAN_POINT('Ctrl Pts',(-242.063098088326,25.9126562395471,34.0517935460881));
#4404=CARTESIAN_POINT('Ctrl Pts',(-242.402644954003,25.5130062777182,33.9308509998754));
#4405=CARTESIAN_POINT('Ctrl Pts',(-242.353601502559,25.5160782539436,33.9440872686918));
#4406=CARTESIAN_POINT('Ctrl Pts',(-242.304573191436,25.528514804367,33.9546500087976));
#4407=CARTESIAN_POINT('Ctrl Pts',(-242.213371381755,25.5703325359933,33.9689132118605));
#4408=CARTESIAN_POINT('Ctrl Pts',(-242.171225922178,25.5996946472503,33.9726107287236));
#4409=CARTESIAN_POINT('Ctrl Pts',(-242.09969464725,25.6712259221776,33.9726107287236));
#4410=CARTESIAN_POINT('Ctrl Pts',(-242.070332535993,25.7133713817547,33.9689132118605));
#4411=CARTESIAN_POINT('Ctrl Pts',(-242.028514804367,25.8045731914364,33.9546500087976));
#4412=CARTESIAN_POINT('Ctrl Pts',(-242.016078253944,25.8536015025593,33.9440872686918));
#4413=CARTESIAN_POINT('Ctrl Pts',(-242.013006277718,25.9026449540025,33.9308509998754));
#4414=CARTESIAN_POINT('Ctrl Pts',(-242.400045118491,25.4999951423639,33.8654193737476));
#4415=CARTESIAN_POINT('Ctrl Pts',(-242.347668620515,25.4999878808747,33.8722736946563));
#4416=CARTESIAN_POINT('Ctrl Pts',(-242.295311580197,25.5103982824581,33.8777623400565));
#4417=CARTESIAN_POINT('Ctrl Pts',(-242.198546870497,25.5504780285658,33.8851794704392));
#4418=CARTESIAN_POINT('Ctrl Pts',(-242.154174942828,25.5801259533481,33.8871060810124));
#4419=CARTESIAN_POINT('Ctrl Pts',(-242.080125953348,25.6541749428282,33.8871060810124));
#4420=CARTESIAN_POINT('Ctrl Pts',(-242.050478028566,25.6985468704966,33.8851794704392));
#4421=CARTESIAN_POINT('Ctrl Pts',(-242.010398282458,25.795311580197,33.8777623400565));
#4422=CARTESIAN_POINT('Ctrl Pts',(-241.999987880875,25.8476686205146,33.8722736946563));
#4423=CARTESIAN_POINT('Ctrl Pts',(-241.999995142364,25.9000451184914,33.8654193737476));
#4424=CARTESIAN_POINT('Ctrl Pts',(-242.400046089935,25.5000000040509,33.7999633263943));
#4425=CARTESIAN_POINT('Ctrl Pts',(-242.347670837311,25.4999938930493,33.7999594839635));
#4426=CARTESIAN_POINT('Ctrl Pts',(-242.295315040733,25.5104050516467,33.799956407114));
#4427=CARTESIAN_POINT('Ctrl Pts',(-242.198552409552,25.5504854470782,33.7999522491868));
#4428=CARTESIAN_POINT('Ctrl Pts',(-242.154181313785,25.5801332650483,33.7999511691598));
#4429=CARTESIAN_POINT('Ctrl Pts',(-242.080133265048,25.6541813137847,33.7999511691598));
#4430=CARTESIAN_POINT('Ctrl Pts',(-242.050485447078,25.6985524095517,33.7999522491868));
#4431=CARTESIAN_POINT('Ctrl Pts',(-242.010405051647,25.7953150407331,33.799956407114));
#4432=CARTESIAN_POINT('Ctrl Pts',(-241.999993893049,25.8476708373111,33.7999594839635));
#4433=CARTESIAN_POINT('Ctrl Pts',(-242.000000004051,25.9000460899352,33.7999633263943));
#4434=CARTESIAN_POINT('Origin',(-275.75,26.25,34.1));
#4435=CARTESIAN_POINT('',(-275.75,25.95,34.3));
#4436=CARTESIAN_POINT('Origin',(-272.5,25.95,34.1));
#4437=CARTESIAN_POINT('',(-269.25,25.95,34.1));
#4438=CARTESIAN_POINT('Origin',(-269.25,26.25,34.1));
#4439=CARTESIAN_POINT('Origin',(-277.85,40.6,32.6));
#4440=CARTESIAN_POINT('',(-277.85,41.,28.5));
#4441=CARTESIAN_POINT('',(-278.25,40.6,28.989897949));
#4442=CARTESIAN_POINT('Ctrl Pts',(-277.85,41.,28.5));
#4443=CARTESIAN_POINT('Ctrl Pts',(-277.901283965063,41.,28.5573372160185));
#4444=CARTESIAN_POINT('Ctrl Pts',(-277.95696915867,40.98967115987,28.6195591962567));
#4445=CARTESIAN_POINT('Ctrl Pts',(-278.062103107323,40.9439451492958,28.7387152617493));
#4446=CARTESIAN_POINT('Ctrl Pts',(-278.111544855206,40.9085718590252,28.7956646917719));
#4447=CARTESIAN_POINT('Ctrl Pts',(-278.177995210616,40.8325557386568,28.8760360983971));
#4448=CARTESIAN_POINT('Ctrl Pts',(-278.203635469342,40.7931928017234,28.9083673886966));
#4449=CARTESIAN_POINT('Ctrl Pts',(-278.239710898032,40.7025032890731,28.9601286594055));
#4450=CARTESIAN_POINT('Ctrl Pts',(-278.25,40.6510700246092,28.9794733234363));
#4451=CARTESIAN_POINT('Ctrl Pts',(-278.25,40.6,28.9898979485566));
#4452=CARTESIAN_POINT('',(-278.25,40.6,33.8));
#4453=CARTESIAN_POINT('',(-278.25,40.6,33.8));
#4454=CARTESIAN_POINT('',(-277.85,41.,33.8));
#4455=CARTESIAN_POINT('Origin',(-277.85,40.6,33.8));
#4456=CARTESIAN_POINT('',(-277.85,41.,28.5));
#4457=CARTESIAN_POINT('Origin',(-262.,40.5,28.5));
#4458=CARTESIAN_POINT('',(-281.,41.,28.5));
#4459=CARTESIAN_POINT('',(-281.,41.,28.5));
#4460=CARTESIAN_POINT('',(-281.,40.5,29.));
#4461=CARTESIAN_POINT('Origin',(-281.,40.5,28.5));
#4462=CARTESIAN_POINT('',(-278.25,40.5,29.));
#4463=CARTESIAN_POINT('',(-278.25,40.5,29.));
#4464=CARTESIAN_POINT('Origin',(-278.25,40.5,28.5));
#4465=CARTESIAN_POINT('Origin',(-242.,40.5,28.5));
#4466=CARTESIAN_POINT('',(-245.75,40.5,29.));
#4467=CARTESIAN_POINT('',(-245.75,40.6,28.989897949));
#4468=CARTESIAN_POINT('Origin',(-245.75,40.5,28.5));
#4469=CARTESIAN_POINT('',(-243.,40.5,29.));
#4470=CARTESIAN_POINT('',(-243.,40.5,29.));
#4471=CARTESIAN_POINT('',(-243.,41.,28.5));
#4472=CARTESIAN_POINT('Origin',(-243.,40.5,28.5));
#4473=CARTESIAN_POINT('',(-246.15,41.,28.5));
#4474=CARTESIAN_POINT('',(-246.15,41.,28.5));
#4475=CARTESIAN_POINT('Ctrl Pts',(-245.75,40.6,28.9898979485566));
#4476=CARTESIAN_POINT('Ctrl Pts',(-245.749999999989,40.6510700246111,28.9794733234454));
#4477=CARTESIAN_POINT('Ctrl Pts',(-245.760289101968,40.7025032890731,28.9601286594055));
#4478=CARTESIAN_POINT('Ctrl Pts',(-245.796364530658,40.7931928017234,28.9083673886966));
#4479=CARTESIAN_POINT('Ctrl Pts',(-245.822004789384,40.8325557386568,28.8760360983971));
#4480=CARTESIAN_POINT('Ctrl Pts',(-245.888455144794,40.9085718590252,28.7956646917719));
#4481=CARTESIAN_POINT('Ctrl Pts',(-245.937896892677,40.9439451492958,28.7387152617494));
#4482=CARTESIAN_POINT('Ctrl Pts',(-246.04303084133,40.98967115987,28.6195591962568));
#4483=CARTESIAN_POINT('Ctrl Pts',(-246.098716034937,41.,28.5573372160185));
#4484=CARTESIAN_POINT('Ctrl Pts',(-246.15,41.,28.5));
#4485=CARTESIAN_POINT('Origin',(-246.15,40.6,29.));
#4486=CARTESIAN_POINT('',(-246.15,41.,33.8));
#4487=CARTESIAN_POINT('',(-246.15,41.,33.8));
#4488=CARTESIAN_POINT('',(-245.75,40.6,33.8));
#4489=CARTESIAN_POINT('Origin',(-246.15,40.6,33.8));
#4490=CARTESIAN_POINT('',(-245.75,40.6,28.989897949));
#4491=CARTESIAN_POINT('Origin',(-262.,31.,29.));
#4492=CARTESIAN_POINT('',(-242.5,40.,29.));
#4493=CARTESIAN_POINT('Origin',(-243.,40.,29.));
#4494=CARTESIAN_POINT('',(-245.75,38.5,29.));
#4495=CARTESIAN_POINT('',(-245.75,38.5,29.));
#4496=CARTESIAN_POINT('',(-243.75,36.5,29.));
#4497=CARTESIAN_POINT('Origin',(-243.75,38.5,29.));
#4498=CARTESIAN_POINT('',(-242.5,36.5,29.));
#4499=CARTESIAN_POINT('',(-243.75,36.5,29.));
#4500=CARTESIAN_POINT('',(-242.5,36.5,29.));
#4501=CARTESIAN_POINT('Ctrl Pts',(-242.,40.,28.5));
#4502=CARTESIAN_POINT('Ctrl Pts',(-242.,41.,28.5));
#4503=CARTESIAN_POINT('Ctrl Pts',(-243.,41.,28.5));
#4504=CARTESIAN_POINT('Ctrl Pts',(-242.,40.,29.));
#4505=CARTESIAN_POINT('Ctrl Pts',(-242.,41.,29.));
#4506=CARTESIAN_POINT('Ctrl Pts',(-243.,41.,29.));
#4507=CARTESIAN_POINT('Ctrl Pts',(-242.5,40.,29.));
#4508=CARTESIAN_POINT('Ctrl Pts',(-242.5,40.5,29.));
#4509=CARTESIAN_POINT('Ctrl Pts',(-243.,40.5,29.));
#4510=CARTESIAN_POINT('Origin',(-242.5,40.,28.5));
#4511=CARTESIAN_POINT('Origin',(-243.,40.,28.5));
#4512=CARTESIAN_POINT('Ctrl Pts',(-281.,41.,28.5));
#4513=CARTESIAN_POINT('Ctrl Pts',(-282.,41.,28.5));
#4514=CARTESIAN_POINT('Ctrl Pts',(-282.,40.,28.5));
#4515=CARTESIAN_POINT('Ctrl Pts',(-281.,41.,29.));
#4516=CARTESIAN_POINT('Ctrl Pts',(-282.,41.,29.));
#4517=CARTESIAN_POINT('Ctrl Pts',(-282.,40.,29.));
#4518=CARTESIAN_POINT('Ctrl Pts',(-281.,40.5,29.));
#4519=CARTESIAN_POINT('Ctrl Pts',(-281.5,40.5,29.));
#4520=CARTESIAN_POINT('Ctrl Pts',(-281.5,40.,29.));
#4521=CARTESIAN_POINT('',(-281.5,40.,29.));
#4522=CARTESIAN_POINT('Origin',(-281.5,40.,28.5));
#4523=CARTESIAN_POINT('Origin',(-281.,40.,29.));
#4524=CARTESIAN_POINT('Origin',(-281.,40.,28.5));
#4525=CARTESIAN_POINT('Origin',(-262.,31.,29.));
#4526=CARTESIAN_POINT('',(-278.25,38.5,29.));
#4527=CARTESIAN_POINT('',(-278.25,38.5,29.));
#4528=CARTESIAN_POINT('',(-281.5,36.5,29.));
#4529=CARTESIAN_POINT('',(-281.5,40.,29.));
#4530=CARTESIAN_POINT('',(-280.25,36.5,29.));
#4531=CARTESIAN_POINT('',(-280.25,36.5,29.));
#4532=CARTESIAN_POINT('Origin',(-280.25,38.5,29.));
#4533=CARTESIAN_POINT('Origin',(-260.,-69.,31.2));
#4534=CARTESIAN_POINT('',(-272.5,36.6,31.2));
#4535=CARTESIAN_POINT('Origin',(-272.5,38.,31.2));
#4536=CARTESIAN_POINT('Origin',(-262.,36.5,29.));
#4537=CARTESIAN_POINT('',(-281.6,36.5,28.989897949));
#4538=CARTESIAN_POINT('',(-281.6,36.5,33.8));
#4539=CARTESIAN_POINT('',(-281.6,36.5,28.989897949));
#4540=CARTESIAN_POINT('',(-280.25,36.5,33.8));
#4541=CARTESIAN_POINT('',(-281.6,36.5,33.8));
#4542=CARTESIAN_POINT('',(-280.25,36.5,29.));
#4543=CARTESIAN_POINT('Origin',(-281.5,36.5,28.5));
#4544=CARTESIAN_POINT('Origin',(-280.25,38.5,29.));
#4545=CARTESIAN_POINT('',(-278.25,38.5,33.8));
#4546=CARTESIAN_POINT('Origin',(-280.25,38.5,33.8));
#4547=CARTESIAN_POINT('',(-278.25,38.5,29.));
#4548=CARTESIAN_POINT('Origin',(-278.25,31.,29.));
#4549=CARTESIAN_POINT('',(-278.25,38.5,33.8));
#4550=CARTESIAN_POINT('Ctrl Pts',(-277.75,40.5,34.3));
#4551=CARTESIAN_POINT('Ctrl Pts',(-277.75,40.5,34.3));
#4552=CARTESIAN_POINT('Ctrl Pts',(-277.75,40.5,34.3));
#4553=CARTESIAN_POINT('Ctrl Pts',(-277.75,40.5,34.3));
#4554=CARTESIAN_POINT('Ctrl Pts',(-277.75,40.5,34.3));
#4555=CARTESIAN_POINT('Ctrl Pts',(-277.75,40.5,34.3));
#4556=CARTESIAN_POINT('Ctrl Pts',(-277.75,40.5,34.3));
#4557=CARTESIAN_POINT('Ctrl Pts',(-277.75,40.5,34.3));
#4558=CARTESIAN_POINT('Ctrl Pts',(-277.75,40.5,34.3));
#4559=CARTESIAN_POINT('Ctrl Pts',(-277.75,40.5,34.3));
#4560=CARTESIAN_POINT('Ctrl Pts',(-277.763089972382,40.5654498436185,34.3));
#4561=CARTESIAN_POINT('Ctrl Pts',(-277.763082286263,40.5654575297363,34.3));
#4562=CARTESIAN_POINT('Ctrl Pts',(-277.776179939,40.552359878,34.3));
#4563=CARTESIAN_POINT('Ctrl Pts',(-277.776179939,40.552359878,34.3));
#4564=CARTESIAN_POINT('Ctrl Pts',(-277.789269908,40.539269908,34.3));
#4565=CARTESIAN_POINT('Ctrl Pts',(-277.789269908,40.539269908,34.3));
#4566=CARTESIAN_POINT('Ctrl Pts',(-277.802359878,40.526179939,34.3));
#4567=CARTESIAN_POINT('Ctrl Pts',(-277.802359878,40.526179939,34.3));
#4568=CARTESIAN_POINT('Ctrl Pts',(-277.815457529736,40.5130822862631,34.3));
#4569=CARTESIAN_POINT('Ctrl Pts',(-277.815449843619,40.5130899723815,34.3));
#4570=CARTESIAN_POINT('Ctrl Pts',(-277.776167100766,40.630881596681,34.2869847132517));
#4571=CARTESIAN_POINT('Ctrl Pts',(-277.784902699147,40.6221829958889,34.2888311779729));
#4572=CARTESIAN_POINT('Ctrl Pts',(-277.793638348719,40.6134677405871,34.2902085809695));
#4573=CARTESIAN_POINT('Ctrl Pts',(-277.811106097,40.596025177,34.292042633));
#4574=CARTESIAN_POINT('Ctrl Pts',(-277.819838295,40.587297788,34.292499578));
#4575=CARTESIAN_POINT('Ctrl Pts',(-277.837297788,40.569838295,34.292499578));
#4576=CARTESIAN_POINT('Ctrl Pts',(-277.846025177,40.561106097,34.292042633));
#4577=CARTESIAN_POINT('Ctrl Pts',(-277.863467740587,40.5436383487186,34.2902085809695));
#4578=CARTESIAN_POINT('Ctrl Pts',(-277.872182995889,40.5349026991473,34.2888311779729));
#4579=CARTESIAN_POINT('Ctrl Pts',(-277.880881596681,40.5261671007659,34.2869847132517));
#4580=CARTESIAN_POINT('Ctrl Pts',(-277.800345963372,40.7518219975911,34.2368864665606));
#4581=CARTESIAN_POINT('Ctrl Pts',(-277.818453713016,40.7376089315802,34.2445319181656));
#4582=CARTESIAN_POINT('Ctrl Pts',(-277.836561327113,40.7224527535707,34.2503291469322));
#4583=CARTESIAN_POINT('Ctrl Pts',(-277.872269386,40.690687231,34.258074021));
#4584=CARTESIAN_POINT('Ctrl Pts',(-277.889869567,40.674078688,34.260022714));
#4585=CARTESIAN_POINT('Ctrl Pts',(-277.924078688,40.639869567,34.260022714));
#4586=CARTESIAN_POINT('Ctrl Pts',(-277.940687231,40.622269386,34.258074021));
#4587=CARTESIAN_POINT('Ctrl Pts',(-277.972452753571,40.5865613271128,34.2503291469322));
#4588=CARTESIAN_POINT('Ctrl Pts',(-277.98760893158,40.5684537130158,34.2445319181656));
#4589=CARTESIAN_POINT('Ctrl Pts',(-278.001821997591,40.550345963372,34.2368864665606));
#4590=CARTESIAN_POINT('Ctrl Pts',(-277.811434299786,40.8072868296374,34.199823234187));
#4591=CARTESIAN_POINT('Ctrl Pts',(-277.834584821787,40.7919807912921,34.2114000990194));
#4592=CARTESIAN_POINT('Ctrl Pts',(-277.857734969863,40.7747933701239,34.2202437833427));
#4593=CARTESIAN_POINT('Ctrl Pts',(-277.903009355,40.737488458,34.232076217));
#4594=CARTESIAN_POINT('Ctrl Pts',(-277.925132836,40.717372925,34.235066424));
#4595=CARTESIAN_POINT('Ctrl Pts',(-277.967372925,40.675132836,34.235066424));
#4596=CARTESIAN_POINT('Ctrl Pts',(-277.987488458,40.653009355,34.232076217));
#4597=CARTESIAN_POINT('Ctrl Pts',(-278.024793370124,40.6077349698627,34.2202437833427));
#4598=CARTESIAN_POINT('Ctrl Pts',(-278.041980791292,40.584584821787,34.2114000990194));
#4599=CARTESIAN_POINT('Ctrl Pts',(-278.057286829637,40.5614342997858,34.199823234187));
#4600=CARTESIAN_POINT('Ctrl Pts',(-277.82993688015,40.8998450377163,34.1072584571016));
#4601=CARTESIAN_POINT('Ctrl Pts',(-277.863805299947,40.8866454198655,34.1241948788728));
#4602=CARTESIAN_POINT('Ctrl Pts',(-277.897670211685,40.8688266804878,34.1373600928169));
#4603=CARTESIAN_POINT('Ctrl Pts',(-277.962531805,40.825506461,34.155038506));
#4604=CARTESIAN_POINT('Ctrl Pts',(-277.993521786,40.800012429,34.159552197));
#4605=CARTESIAN_POINT('Ctrl Pts',(-278.050012429,40.743521786,34.159552197));
#4606=CARTESIAN_POINT('Ctrl Pts',(-278.075506461,40.712531805,34.155038506));
#4607=CARTESIAN_POINT('Ctrl Pts',(-278.118826680488,40.6476702116853,34.1373600928169));
#4608=CARTESIAN_POINT('Ctrl Pts',(-278.136645419865,40.6138052999471,34.1241948788728));
#4609=CARTESIAN_POINT('Ctrl Pts',(-278.149845037716,40.57993688015,34.1072584571016));
#4610=CARTESIAN_POINT('Ctrl Pts',(-277.837343760453,40.9369019116737,34.051793546088));
#4611=CARTESIAN_POINT('Ctrl Pts',(-277.876978951826,40.926997226205,34.0699129811229));
#4612=CARTESIAN_POINT('Ctrl Pts',(-277.916607308595,40.9106798754578,34.0841619214751));
#4613=CARTESIAN_POINT('Ctrl Pts',(-277.991620427,40.867025814,34.103342463));
#4614=CARTESIAN_POINT('Ctrl Pts',(-278.026992274,40.839700967,34.108272861));
#4615=CARTESIAN_POINT('Ctrl Pts',(-278.089700967,40.776992274,34.108272861));
#4616=CARTESIAN_POINT('Ctrl Pts',(-278.117025814,40.741620427,34.103342463));
#4617=CARTESIAN_POINT('Ctrl Pts',(-278.160679875458,40.6666073085945,34.0841619214751));
#4618=CARTESIAN_POINT('Ctrl Pts',(-278.176997226205,40.6269789518258,34.0699129811229));
#4619=CARTESIAN_POINT('Ctrl Pts',(-278.186901911674,40.587343760453,34.0517935460881));
#4620=CARTESIAN_POINT('Ctrl Pts',(-277.847355045997,40.9869937222819,33.9308509998753));
#4621=CARTESIAN_POINT('Ctrl Pts',(-277.896398497441,40.9839217460564,33.9440872686918));
#4622=CARTESIAN_POINT('Ctrl Pts',(-277.945426808564,40.971485195633,33.9546500087976));
#4623=CARTESIAN_POINT('Ctrl Pts',(-278.036628618245,40.9296674640067,33.9689132118605));
#4624=CARTESIAN_POINT('Ctrl Pts',(-278.078774077822,40.9003053527497,33.9726107287236));
#4625=CARTESIAN_POINT('Ctrl Pts',(-278.15030535275,40.8287740778224,33.9726107287236));
#4626=CARTESIAN_POINT('Ctrl Pts',(-278.179667464007,40.7866286182453,33.9689132118605));
#4627=CARTESIAN_POINT('Ctrl Pts',(-278.221485195633,40.6954268085636,33.9546500087976));
#4628=CARTESIAN_POINT('Ctrl Pts',(-278.233921746056,40.6463984974408,33.9440872686918));
#4629=CARTESIAN_POINT('Ctrl Pts',(-278.236993722282,40.5973550459975,33.9308509998754));
#4630=CARTESIAN_POINT('Ctrl Pts',(-277.849954881508,41.0000048576361,33.8654193737476));
#4631=CARTESIAN_POINT('Ctrl Pts',(-277.902331379485,41.0000121191253,33.8722736946563));
#4632=CARTESIAN_POINT('Ctrl Pts',(-277.954688419803,40.9896017175419,33.8777623400565));
#4633=CARTESIAN_POINT('Ctrl Pts',(-278.051453129503,40.9495219714342,33.8851794704392));
#4634=CARTESIAN_POINT('Ctrl Pts',(-278.095825057172,40.9198740466519,33.8871060810124));
#4635=CARTESIAN_POINT('Ctrl Pts',(-278.169874046652,40.8458250571718,33.8871060810124));
#4636=CARTESIAN_POINT('Ctrl Pts',(-278.199521971434,40.8014531295034,33.8851794704392));
#4637=CARTESIAN_POINT('Ctrl Pts',(-278.239601717542,40.704688419803,33.8777623400565));
#4638=CARTESIAN_POINT('Ctrl Pts',(-278.250012119125,40.6523313794855,33.8722736946563));
#4639=CARTESIAN_POINT('Ctrl Pts',(-278.250004857636,40.5999548815086,33.8654193737476));
#4640=CARTESIAN_POINT('Ctrl Pts',(-277.849953910065,40.9999999959491,33.7999633263943));
#4641=CARTESIAN_POINT('Ctrl Pts',(-277.902329162689,41.0000061069507,33.7999594839635));
#4642=CARTESIAN_POINT('Ctrl Pts',(-277.954684959267,40.9895949483532,33.7999564071139));
#4643=CARTESIAN_POINT('Ctrl Pts',(-278.051447590448,40.9495145529218,33.7999522491867));
#4644=CARTESIAN_POINT('Ctrl Pts',(-278.095818686215,40.9198667349517,33.7999511691598));
#4645=CARTESIAN_POINT('Ctrl Pts',(-278.169866734952,40.8458186862153,33.7999511691598));
#4646=CARTESIAN_POINT('Ctrl Pts',(-278.199514552922,40.8014475904483,33.7999522491867));
#4647=CARTESIAN_POINT('Ctrl Pts',(-278.239594948353,40.7046849592669,33.7999564071139));
#4648=CARTESIAN_POINT('Ctrl Pts',(-278.250006106951,40.652329162689,33.7999594839634));
#4649=CARTESIAN_POINT('Ctrl Pts',(-278.249999995949,40.5999539100648,33.7999633263943));
#4650=CARTESIAN_POINT('Origin',(-277.75,40.5,33.8));
#4651=CARTESIAN_POINT('Origin',(-277.75,40.5,33.8));
#4652=CARTESIAN_POINT('Origin',(-245.75,31.,29.));
#4653=CARTESIAN_POINT('',(-245.75,38.5,33.8));
#4654=CARTESIAN_POINT('',(-245.75,40.6,33.8));
#4655=CARTESIAN_POINT('',(-245.75,38.5,29.));
#4656=CARTESIAN_POINT('Ctrl Pts',(-246.15004608992,40.9999999959491,33.7999633264061));
#4657=CARTESIAN_POINT('Ctrl Pts',(-246.097670837301,41.0000061069487,33.7999594839766));
#4658=CARTESIAN_POINT('Ctrl Pts',(-246.045315040728,40.9895949483514,33.799956407128));
#4659=CARTESIAN_POINT('Ctrl Pts',(-245.948552409552,40.9495145529218,33.7999522492022));
#4660=CARTESIAN_POINT('Ctrl Pts',(-245.904181313785,40.9198667349517,33.7999511691755));
#4661=CARTESIAN_POINT('Ctrl Pts',(-245.830133265048,40.8458186862153,33.7999511691755));
#4662=CARTESIAN_POINT('Ctrl Pts',(-245.800485447078,40.8014475904483,33.7999522492022));
#4663=CARTESIAN_POINT('Ctrl Pts',(-245.760405051649,40.7046849592714,33.799956407128));
#4664=CARTESIAN_POINT('Ctrl Pts',(-245.749993893051,40.6523291626988,33.7999594839766));
#4665=CARTESIAN_POINT('Ctrl Pts',(-245.750000004051,40.5999539100795,33.7999633264061));
#4666=CARTESIAN_POINT('Ctrl Pts',(-246.150045118477,41.0000048576346,33.8654193737575));
#4667=CARTESIAN_POINT('Ctrl Pts',(-246.097668620505,41.0000121191214,33.872273694666));
#4668=CARTESIAN_POINT('Ctrl Pts',(-246.045311580194,40.9896017175378,33.8777623400661));
#4669=CARTESIAN_POINT('Ctrl Pts',(-245.948546870498,40.9495219714318,33.8851794704493));
#4670=CARTESIAN_POINT('Ctrl Pts',(-245.90417494283,40.9198740466495,33.8871060810227));
#4671=CARTESIAN_POINT('Ctrl Pts',(-245.83012595335,40.8458250571698,33.8871060810227));
#4672=CARTESIAN_POINT('Ctrl Pts',(-245.800478028568,40.8014531295016,33.8851794704493));
#4673=CARTESIAN_POINT('Ctrl Pts',(-245.760398282462,40.7046884198064,33.8777623400661));
#4674=CARTESIAN_POINT('Ctrl Pts',(-245.749987880879,40.6523313794946,33.872273694666));
#4675=CARTESIAN_POINT('Ctrl Pts',(-245.749995142365,40.5999548815231,33.8654193737575));
#4676=CARTESIAN_POINT('Ctrl Pts',(-246.152644953989,40.9869937222795,33.9308509998827));
#4677=CARTESIAN_POINT('Ctrl Pts',(-246.103601502551,40.9839217460523,33.9440872686976));
#4678=CARTESIAN_POINT('Ctrl Pts',(-246.054573191433,40.9714851956292,33.9546500088022));
#4679=CARTESIAN_POINT('Ctrl Pts',(-245.963371381756,40.9296674640048,33.9689132118645));
#4680=CARTESIAN_POINT('Ctrl Pts',(-245.921225922179,40.9003053527479,33.9726107287277));
#4681=CARTESIAN_POINT('Ctrl Pts',(-245.849694647252,40.8287740778209,33.9726107287277));
#4682=CARTESIAN_POINT('Ctrl Pts',(-245.820332535995,40.7866286182439,33.9689132118645));
#4683=CARTESIAN_POINT('Ctrl Pts',(-245.778514804371,40.695426808567,33.9546500088022));
#4684=CARTESIAN_POINT('Ctrl Pts',(-245.766078253948,40.6463984974494,33.9440872686976));
#4685=CARTESIAN_POINT('Ctrl Pts',(-245.76300627772,40.597355046011,33.9308509998827));
#4686=CARTESIAN_POINT('Ctrl Pts',(-246.162656239536,40.9369019116708,34.0517935460932));
#4687=CARTESIAN_POINT('Ctrl Pts',(-246.123021048167,40.9269972262019,34.0699129811256));
#4688=CARTESIAN_POINT('Ctrl Pts',(-246.083392691402,40.9106798754558,34.084161921476));
#4689=CARTESIAN_POINT('Ctrl Pts',(-246.008379573,40.867025814,34.103342463));
#4690=CARTESIAN_POINT('Ctrl Pts',(-245.973007726,40.839700967,34.108272861));
#4691=CARTESIAN_POINT('Ctrl Pts',(-245.910299033,40.776992274,34.108272861));
#4692=CARTESIAN_POINT('Ctrl Pts',(-245.882974186,40.741620427,34.103342463));
#4693=CARTESIAN_POINT('Ctrl Pts',(-245.839320124544,40.666607308598,34.084161921476));
#4694=CARTESIAN_POINT('Ctrl Pts',(-245.823002773798,40.6269789518332,34.0699129811256));
#4695=CARTESIAN_POINT('Ctrl Pts',(-245.813098088329,40.5873437604641,34.0517935460932));
#4696=CARTESIAN_POINT('Ctrl Pts',(-246.170063119841,40.8998450377126,34.1072584571064));
#4697=CARTESIAN_POINT('Ctrl Pts',(-246.136194700047,40.8866454198621,34.1241948788753));
#4698=CARTESIAN_POINT('Ctrl Pts',(-246.102329788312,40.8688266804857,34.1373600928178));
#4699=CARTESIAN_POINT('Ctrl Pts',(-246.037468195,40.825506461,34.155038506));
#4700=CARTESIAN_POINT('Ctrl Pts',(-246.006478214,40.800012429,34.159552197));
#4701=CARTESIAN_POINT('Ctrl Pts',(-245.949987571,40.743521786,34.159552197));
#4702=CARTESIAN_POINT('Ctrl Pts',(-245.924493539,40.712531805,34.155038506));
#4703=CARTESIAN_POINT('Ctrl Pts',(-245.881173319514,40.6476702116884,34.1373600928178));
#4704=CARTESIAN_POINT('Ctrl Pts',(-245.863354580138,40.6138052999535,34.1241948788753));
#4705=CARTESIAN_POINT('Ctrl Pts',(-245.850154962287,40.5799368801596,34.1072584571064));
#4706=CARTESIAN_POINT('Ctrl Pts',(-246.188565700208,40.807286829633,34.1998232341903));
#4707=CARTESIAN_POINT('Ctrl Pts',(-246.165415178209,40.7919807912889,34.2114000990211));
#4708=CARTESIAN_POINT('Ctrl Pts',(-246.142265030135,40.7747933701221,34.2202437833433));
#4709=CARTESIAN_POINT('Ctrl Pts',(-246.096990645,40.737488458,34.232076217));
#4710=CARTESIAN_POINT('Ctrl Pts',(-246.074867164,40.717372925,34.235066424));
#4711=CARTESIAN_POINT('Ctrl Pts',(-246.032627075,40.675132836,34.235066424));
#4712=CARTESIAN_POINT('Ctrl Pts',(-246.012511542,40.653009355,34.232076217));
#4713=CARTESIAN_POINT('Ctrl Pts',(-245.975206629878,40.6077349698648,34.2202437833433));
#4714=CARTESIAN_POINT('Ctrl Pts',(-245.958019208711,40.5845848217914,34.2114000990211));
#4715=CARTESIAN_POINT('Ctrl Pts',(-245.942713170367,40.5614342997923,34.1998232341903));
#4716=CARTESIAN_POINT('Ctrl Pts',(-246.199654036623,40.7518219975871,34.2368864665628));
#4717=CARTESIAN_POINT('Ctrl Pts',(-246.181546286981,40.7376089315773,34.2445319181667));
#4718=CARTESIAN_POINT('Ctrl Pts',(-246.163438672886,40.7224527535692,34.2503291469325));
#4719=CARTESIAN_POINT('Ctrl Pts',(-246.127730614,40.690687231,34.258074021));
#4720=CARTESIAN_POINT('Ctrl Pts',(-246.110130433,40.674078688,34.260022714));
#4721=CARTESIAN_POINT('Ctrl Pts',(-246.075921312,40.639869567,34.260022714));
#4722=CARTESIAN_POINT('Ctrl Pts',(-246.059312769,40.622269386,34.258074021));
#4723=CARTESIAN_POINT('Ctrl Pts',(-246.027547246431,40.5865613271145,34.2503291469325));
#4724=CARTESIAN_POINT('Ctrl Pts',(-246.012391068423,40.5684537130192,34.2445319181667));
#4725=CARTESIAN_POINT('Ctrl Pts',(-245.998178002413,40.5503459633771,34.2368864665628));
#4726=CARTESIAN_POINT('Ctrl Pts',(-246.223832899232,40.6308815966785,34.2869847132522));
#4727=CARTESIAN_POINT('Ctrl Pts',(-246.215097300851,40.6221829958873,34.2888311779732));
#4728=CARTESIAN_POINT('Ctrl Pts',(-246.206361651281,40.6134677405863,34.2902085809696));
#4729=CARTESIAN_POINT('Ctrl Pts',(-246.188893903,40.596025177,34.292042633));
#4730=CARTESIAN_POINT('Ctrl Pts',(-246.180161705,40.587297788,34.292499578));
#4731=CARTESIAN_POINT('Ctrl Pts',(-246.162702212,40.569838295,34.292499578));
#4732=CARTESIAN_POINT('Ctrl Pts',(-246.153974823,40.561106097,34.292042633));
#4733=CARTESIAN_POINT('Ctrl Pts',(-246.136532259414,40.5436383487194,34.2902085809696));
#4734=CARTESIAN_POINT('Ctrl Pts',(-246.127817004113,40.5349026991489,34.2888311779732));
#4735=CARTESIAN_POINT('Ctrl Pts',(-246.119118403322,40.5261671007683,34.2869847132522));
#4736=CARTESIAN_POINT('Ctrl Pts',(-246.236910027619,40.5654498436185,34.3));
#4737=CARTESIAN_POINT('Ctrl Pts',(-246.236917713734,40.5654575297338,34.3));
#4738=CARTESIAN_POINT('Ctrl Pts',(-246.223820061,40.552359878,34.3));
#4739=CARTESIAN_POINT('Ctrl Pts',(-246.223820061,40.552359878,34.3));
#4740=CARTESIAN_POINT('Ctrl Pts',(-246.210730092,40.539269908,34.3));
#4741=CARTESIAN_POINT('Ctrl Pts',(-246.210730092,40.539269908,34.3));
#4742=CARTESIAN_POINT('Ctrl Pts',(-246.197640122,40.526179939,34.3));
#4743=CARTESIAN_POINT('Ctrl Pts',(-246.197640122,40.526179939,34.3));
#4744=CARTESIAN_POINT('Ctrl Pts',(-246.184542470266,40.5130822862656,34.3));
#4745=CARTESIAN_POINT('Ctrl Pts',(-246.184550156382,40.5130899723815,34.3));
#4746=CARTESIAN_POINT('Ctrl Pts',(-246.25,40.5,34.3));
#4747=CARTESIAN_POINT('Ctrl Pts',(-246.25,40.5,34.3));
#4748=CARTESIAN_POINT('Ctrl Pts',(-246.25,40.5,34.3));
#4749=CARTESIAN_POINT('Ctrl Pts',(-246.25,40.5,34.3));
#4750=CARTESIAN_POINT('Ctrl Pts',(-246.25,40.5,34.3));
#4751=CARTESIAN_POINT('Ctrl Pts',(-246.25,40.5,34.3));
#4752=CARTESIAN_POINT('Ctrl Pts',(-246.25,40.5,34.3));
#4753=CARTESIAN_POINT('Ctrl Pts',(-246.25,40.5,34.3));
#4754=CARTESIAN_POINT('Ctrl Pts',(-246.25,40.5,34.3));
#4755=CARTESIAN_POINT('Ctrl Pts',(-246.25,40.5,34.3));
#4756=CARTESIAN_POINT('Origin',(-246.25,40.5,33.8));
#4757=CARTESIAN_POINT('Origin',(-246.25,40.5,33.8));
#4758=CARTESIAN_POINT('Origin',(-243.75,38.5,29.));
#4759=CARTESIAN_POINT('',(-243.75,36.5,33.8));
#4760=CARTESIAN_POINT('Origin',(-243.75,38.5,33.8));
#4761=CARTESIAN_POINT('',(-243.75,36.5,29.));
#4762=CARTESIAN_POINT('Origin',(-262.,36.5,29.));
#4763=CARTESIAN_POINT('',(-242.4,36.5,33.8));
#4764=CARTESIAN_POINT('',(-243.75,36.5,33.8));
#4765=CARTESIAN_POINT('',(-242.4,36.5,28.989897949));
#4766=CARTESIAN_POINT('',(-242.4,36.5,33.8));
#4767=CARTESIAN_POINT('Origin',(-242.5,36.5,28.5));
#4768=CARTESIAN_POINT('Origin',(-242.,41.,32.6));
#4769=CARTESIAN_POINT('',(-281.,41.,-7.7));
#4770=CARTESIAN_POINT('',(-281.,41.,-7.7));
#4771=CARTESIAN_POINT('',(-277.85,41.,33.8));
#4772=CARTESIAN_POINT('',(-243.,41.,-7.7));
#4773=CARTESIAN_POINT('',(-243.,41.,28.5));
#4774=CARTESIAN_POINT('',(-243.,41.,-7.7));
#4775=CARTESIAN_POINT('Origin',(-242.4,36.1,32.6));
#4776=CARTESIAN_POINT('Ctrl Pts',(-242.,36.1,28.5));
#4777=CARTESIAN_POINT('Ctrl Pts',(-242.,36.1512839650632,28.5573372160185));
#4778=CARTESIAN_POINT('Ctrl Pts',(-242.01032884013,36.2069691586697,28.6195591962567));
#4779=CARTESIAN_POINT('Ctrl Pts',(-242.056054850704,36.3121031073232,28.7387152617494));
#4780=CARTESIAN_POINT('Ctrl Pts',(-242.091428140975,36.3615448552059,28.7956646917719));
#4781=CARTESIAN_POINT('Ctrl Pts',(-242.167444261343,36.4279952106155,28.8760360983971));
#4782=CARTESIAN_POINT('Ctrl Pts',(-242.206807198277,36.4536354693416,28.9083673886967));
#4783=CARTESIAN_POINT('Ctrl Pts',(-242.297496710927,36.4897108980322,28.9601286594056));
#4784=CARTESIAN_POINT('Ctrl Pts',(-242.348929975391,36.5,28.9794733234363));
#4785=CARTESIAN_POINT('Ctrl Pts',(-242.4,36.5,28.9898979485566));
#4786=CARTESIAN_POINT('Origin',(-242.4,36.1,33.8));
#4787=CARTESIAN_POINT('Origin',(-242.5,31.,28.5));
#4788=CARTESIAN_POINT('Origin',(-243.,40.,32.6));
#4789=CARTESIAN_POINT('Origin',(-243.,40.,-7.7));
#4790=CARTESIAN_POINT('Origin',(-281.,40.,32.6));
#4791=CARTESIAN_POINT('Origin',(-281.,40.,-7.7));
#4792=CARTESIAN_POINT('Origin',(-281.5,41.,28.5));
#4793=CARTESIAN_POINT('Ctrl Pts',(-281.6,36.5,28.9898979485566));
#4794=CARTESIAN_POINT('Ctrl Pts',(-281.651070024611,36.5000000000111,28.9794733234454));
#4795=CARTESIAN_POINT('Ctrl Pts',(-281.702503289073,36.4897108980321,28.9601286594055));
#4796=CARTESIAN_POINT('Ctrl Pts',(-281.793192801723,36.4536354693416,28.9083673886966));
#4797=CARTESIAN_POINT('Ctrl Pts',(-281.832555738657,36.4279952106155,28.8760360983971));
#4798=CARTESIAN_POINT('Ctrl Pts',(-281.908571859025,36.3615448552059,28.7956646917719));
#4799=CARTESIAN_POINT('Ctrl Pts',(-281.943945149296,36.3121031073232,28.7387152617494));
#4800=CARTESIAN_POINT('Ctrl Pts',(-281.98967115987,36.2069691586698,28.6195591962567));
#4801=CARTESIAN_POINT('Ctrl Pts',(-282.,36.1512839650632,28.5573372160185));
#4802=CARTESIAN_POINT('Ctrl Pts',(-282.,36.1,28.5));
#4803=CARTESIAN_POINT('Origin',(-281.6,36.1,29.));
#4804=CARTESIAN_POINT('Ctrl Pts',(-282.,36.1,34.2898979485566));
#4805=CARTESIAN_POINT('Ctrl Pts',(-282.000000000011,36.1510700246111,34.2794733234454));
#4806=CARTESIAN_POINT('Ctrl Pts',(-281.989710898032,36.2025032890731,34.2601286594056));
#4807=CARTESIAN_POINT('Ctrl Pts',(-281.953635469342,36.2931928017234,34.2083673886966));
#4808=CARTESIAN_POINT('Ctrl Pts',(-281.927995210616,36.3325557386568,34.1760360983971));
#4809=CARTESIAN_POINT('Ctrl Pts',(-281.861544855206,36.4085718590252,34.0956646917719));
#4810=CARTESIAN_POINT('Ctrl Pts',(-281.812103107323,36.4439451492958,34.0387152617494));
#4811=CARTESIAN_POINT('Ctrl Pts',(-281.70696915867,36.48967115987,33.9195591962567));
#4812=CARTESIAN_POINT('Ctrl Pts',(-281.651283965063,36.5,33.8573372160185));
#4813=CARTESIAN_POINT('Ctrl Pts',(-281.6,36.5,33.8));
#4814=CARTESIAN_POINT('Origin',(-272.5,38.,26.6));
#4815=CARTESIAN_POINT('',(-272.5,36.6,26.6));
#4816=CARTESIAN_POINT('Origin',(-262.,36.,33.8));
#4817=CARTESIAN_POINT('Origin',(-280.25,36.,33.8));
#4818=CARTESIAN_POINT('Origin',(-280.25,38.5,33.8));
#4819=CARTESIAN_POINT('Origin',(-277.75,38.5,33.8));
#4820=CARTESIAN_POINT('Origin',(-277.75,31.,33.8));
#4821=CARTESIAN_POINT('Origin',(-262.,40.5,33.8));
#4822=CARTESIAN_POINT('Origin',(-246.25,31.,33.8));
#4823=CARTESIAN_POINT('Origin',(-246.25,38.5,33.8));
#4824=CARTESIAN_POINT('Origin',(-243.75,38.5,33.8));
#4825=CARTESIAN_POINT('Origin',(-243.75,36.,33.8));
#4826=CARTESIAN_POINT('Origin',(-262.,36.,33.8));
#4827=CARTESIAN_POINT('Origin',(-242.5,36.,33.8));
#4828=CARTESIAN_POINT('Ctrl Pts',(-242.5,36.,34.3));
#4829=CARTESIAN_POINT('Ctrl Pts',(-242.5,36.,34.3));
#4830=CARTESIAN_POINT('Ctrl Pts',(-242.5,36.,34.3));
#4831=CARTESIAN_POINT('Ctrl Pts',(-242.5,36.,34.3));
#4832=CARTESIAN_POINT('Ctrl Pts',(-242.5,36.,34.3));
#4833=CARTESIAN_POINT('Ctrl Pts',(-242.5,36.,34.3));
#4834=CARTESIAN_POINT('Ctrl Pts',(-242.5,36.,34.3));
#4835=CARTESIAN_POINT('Ctrl Pts',(-242.5,36.,34.3));
#4836=CARTESIAN_POINT('Ctrl Pts',(-242.5,36.,34.3));
#4837=CARTESIAN_POINT('Ctrl Pts',(-242.5,36.,34.3));
#4838=CARTESIAN_POINT('Ctrl Pts',(-242.434550156382,36.0130899723815,34.3));
#4839=CARTESIAN_POINT('Ctrl Pts',(-242.434542470264,36.0130822862631,34.3));
#4840=CARTESIAN_POINT('Ctrl Pts',(-242.447640122,36.026179939,34.3));
#4841=CARTESIAN_POINT('Ctrl Pts',(-242.447640122,36.026179939,34.3));
#4842=CARTESIAN_POINT('Ctrl Pts',(-242.460730092,36.039269908,34.3));
#4843=CARTESIAN_POINT('Ctrl Pts',(-242.460730092,36.039269908,34.3));
#4844=CARTESIAN_POINT('Ctrl Pts',(-242.473820061,36.052359878,34.3));
#4845=CARTESIAN_POINT('Ctrl Pts',(-242.473820061,36.052359878,34.3));
#4846=CARTESIAN_POINT('Ctrl Pts',(-242.486917713737,36.0654575297363,34.3));
#4847=CARTESIAN_POINT('Ctrl Pts',(-242.486910027619,36.0654498436185,34.3));
#4848=CARTESIAN_POINT('Ctrl Pts',(-242.369118403319,36.0261671007659,34.2869847132517));
#4849=CARTESIAN_POINT('Ctrl Pts',(-242.377817004111,36.0349026991473,34.2888311779729));
#4850=CARTESIAN_POINT('Ctrl Pts',(-242.386532259413,36.0436383487186,34.2902085809695));
#4851=CARTESIAN_POINT('Ctrl Pts',(-242.403974823,36.061106097,34.292042633));
#4852=CARTESIAN_POINT('Ctrl Pts',(-242.412702212,36.069838295,34.292499578));
#4853=CARTESIAN_POINT('Ctrl Pts',(-242.430161705,36.087297788,34.292499578));
#4854=CARTESIAN_POINT('Ctrl Pts',(-242.438893903,36.096025177,34.292042633));
#4855=CARTESIAN_POINT('Ctrl Pts',(-242.456361651281,36.1134677405871,34.2902085809695));
#4856=CARTESIAN_POINT('Ctrl Pts',(-242.465097300853,36.1221829958889,34.2888311779729));
#4857=CARTESIAN_POINT('Ctrl Pts',(-242.473832899234,36.1308815966809,34.2869847132517));
#4858=CARTESIAN_POINT('Ctrl Pts',(-242.248178002409,36.050345963372,34.2368864665606));
#4859=CARTESIAN_POINT('Ctrl Pts',(-242.26239106842,36.0684537130158,34.2445319181656));
#4860=CARTESIAN_POINT('Ctrl Pts',(-242.277547246429,36.0865613271128,34.2503291469322));
#4861=CARTESIAN_POINT('Ctrl Pts',(-242.309312769,36.122269386,34.258074021));
#4862=CARTESIAN_POINT('Ctrl Pts',(-242.325921312,36.139869567,34.260022714));
#4863=CARTESIAN_POINT('Ctrl Pts',(-242.360130433,36.174078688,34.260022714));
#4864=CARTESIAN_POINT('Ctrl Pts',(-242.377730614,36.190687231,34.258074021));
#4865=CARTESIAN_POINT('Ctrl Pts',(-242.413438672887,36.2224527535707,34.2503291469322));
#4866=CARTESIAN_POINT('Ctrl Pts',(-242.431546286984,36.2376089315802,34.2445319181656));
#4867=CARTESIAN_POINT('Ctrl Pts',(-242.449654036628,36.2518219975911,34.2368864665606));
#4868=CARTESIAN_POINT('Ctrl Pts',(-242.192713170363,36.0614342997858,34.199823234187));
#4869=CARTESIAN_POINT('Ctrl Pts',(-242.208019208708,36.084584821787,34.2114000990194));
#4870=CARTESIAN_POINT('Ctrl Pts',(-242.225206629876,36.1077349698627,34.2202437833427));
#4871=CARTESIAN_POINT('Ctrl Pts',(-242.262511542,36.153009355,34.232076217));
#4872=CARTESIAN_POINT('Ctrl Pts',(-242.282627075,36.175132836,34.235066424));
#4873=CARTESIAN_POINT('Ctrl Pts',(-242.324867164,36.217372925,34.235066424));
#4874=CARTESIAN_POINT('Ctrl Pts',(-242.346990645,36.237488458,34.232076217));
#4875=CARTESIAN_POINT('Ctrl Pts',(-242.392265030137,36.2747933701239,34.2202437833427));
#4876=CARTESIAN_POINT('Ctrl Pts',(-242.415415178213,36.2919807912921,34.2114000990194));
#4877=CARTESIAN_POINT('Ctrl Pts',(-242.438565700214,36.3072868296374,34.199823234187));
#4878=CARTESIAN_POINT('Ctrl Pts',(-242.100154962284,36.07993688015,34.1072584571016));
#4879=CARTESIAN_POINT('Ctrl Pts',(-242.113354580135,36.1138052999471,34.1241948788728));
#4880=CARTESIAN_POINT('Ctrl Pts',(-242.131173319512,36.1476702116853,34.1373600928169));
#4881=CARTESIAN_POINT('Ctrl Pts',(-242.174493539,36.212531805,34.155038506));
#4882=CARTESIAN_POINT('Ctrl Pts',(-242.199987571,36.243521786,34.159552197));
#4883=CARTESIAN_POINT('Ctrl Pts',(-242.256478214,36.300012429,34.159552197));
#4884=CARTESIAN_POINT('Ctrl Pts',(-242.287468195,36.325506461,34.155038506));
#4885=CARTESIAN_POINT('Ctrl Pts',(-242.352329788315,36.3688266804878,34.1373600928169));
#4886=CARTESIAN_POINT('Ctrl Pts',(-242.386194700053,36.3866454198655,34.1241948788728));
#4887=CARTESIAN_POINT('Ctrl Pts',(-242.42006311985,36.3998450377163,34.1072584571016));
#4888=CARTESIAN_POINT('Ctrl Pts',(-242.063098088326,36.0873437604529,34.0517935460881));
#4889=CARTESIAN_POINT('Ctrl Pts',(-242.073002773795,36.1269789518258,34.0699129811229));
#4890=CARTESIAN_POINT('Ctrl Pts',(-242.089320124542,36.1666073085945,34.0841619214751));
#4891=CARTESIAN_POINT('Ctrl Pts',(-242.132974186,36.241620427,34.103342463));
#4892=CARTESIAN_POINT('Ctrl Pts',(-242.160299033,36.276992274,34.108272861));
#4893=CARTESIAN_POINT('Ctrl Pts',(-242.223007726,36.339700967,34.108272861));
#4894=CARTESIAN_POINT('Ctrl Pts',(-242.258379573,36.367025814,34.103342463));
#4895=CARTESIAN_POINT('Ctrl Pts',(-242.333392691406,36.4106798754578,34.0841619214751));
#4896=CARTESIAN_POINT('Ctrl Pts',(-242.373021048174,36.426997226205,34.0699129811229));
#4897=CARTESIAN_POINT('Ctrl Pts',(-242.412656239547,36.4369019116736,34.051793546088));
#4898=CARTESIAN_POINT('Ctrl Pts',(-242.013006277718,36.0973550459975,33.9308509998754));
#4899=CARTESIAN_POINT('Ctrl Pts',(-242.016078253944,36.1463984974407,33.9440872686918));
#4900=CARTESIAN_POINT('Ctrl Pts',(-242.028514804367,36.1954268085636,33.9546500087976));
#4901=CARTESIAN_POINT('Ctrl Pts',(-242.070332535993,36.2866286182453,33.9689132118605));
#4902=CARTESIAN_POINT('Ctrl Pts',(-242.09969464725,36.3287740778224,33.9726107287236));
#4903=CARTESIAN_POINT('Ctrl Pts',(-242.171225922178,36.4003053527497,33.9726107287236));
#4904=CARTESIAN_POINT('Ctrl Pts',(-242.213371381755,36.4296674640067,33.9689132118605));
#4905=CARTESIAN_POINT('Ctrl Pts',(-242.304573191436,36.471485195633,33.9546500087976));
#4906=CARTESIAN_POINT('Ctrl Pts',(-242.353601502559,36.4839217460564,33.9440872686918));
#4907=CARTESIAN_POINT('Ctrl Pts',(-242.402644954003,36.4869937222818,33.9308509998754));
#4908=CARTESIAN_POINT('Ctrl Pts',(-241.999995142364,36.0999548815086,33.8654193737476));
#4909=CARTESIAN_POINT('Ctrl Pts',(-241.999987880875,36.1523313794854,33.8722736946563));
#4910=CARTESIAN_POINT('Ctrl Pts',(-242.010398282458,36.204688419803,33.8777623400565));
#4911=CARTESIAN_POINT('Ctrl Pts',(-242.050478028566,36.3014531295034,33.8851794704392));
#4912=CARTESIAN_POINT('Ctrl Pts',(-242.080125953348,36.3458250571718,33.8871060810124));
#4913=CARTESIAN_POINT('Ctrl Pts',(-242.154174942828,36.4198740466519,33.8871060810124));
#4914=CARTESIAN_POINT('Ctrl Pts',(-242.198546870497,36.4495219714342,33.8851794704392));
#4915=CARTESIAN_POINT('Ctrl Pts',(-242.295311580197,36.4896017175419,33.8777623400565));
#4916=CARTESIAN_POINT('Ctrl Pts',(-242.347668620515,36.5000121191253,33.8722736946563));
#4917=CARTESIAN_POINT('Ctrl Pts',(-242.400045118491,36.5000048576361,33.8654193737476));
#4918=CARTESIAN_POINT('Ctrl Pts',(-242.000000004051,36.0999539100647,33.7999633263943));
#4919=CARTESIAN_POINT('Ctrl Pts',(-241.999993893049,36.1523291626889,33.7999594839635));
#4920=CARTESIAN_POINT('Ctrl Pts',(-242.010405051647,36.2046849592669,33.799956407114));
#4921=CARTESIAN_POINT('Ctrl Pts',(-242.050485447078,36.3014475904483,33.7999522491868));
#4922=CARTESIAN_POINT('Ctrl Pts',(-242.080133265048,36.3458186862153,33.7999511691598));
#4923=CARTESIAN_POINT('Ctrl Pts',(-242.154181313785,36.4198667349517,33.7999511691598));
#4924=CARTESIAN_POINT('Ctrl Pts',(-242.198552409552,36.4495145529218,33.7999522491868));
#4925=CARTESIAN_POINT('Ctrl Pts',(-242.295315040733,36.4895949483532,33.799956407114));
#4926=CARTESIAN_POINT('Ctrl Pts',(-242.347670837311,36.5000061069507,33.7999594839635));
#4927=CARTESIAN_POINT('Ctrl Pts',(-242.400046089935,36.4999999959491,33.7999633263943));
#4928=CARTESIAN_POINT('Origin',(-275.75,35.75,34.1));
#4929=CARTESIAN_POINT('',(-275.75,36.05,34.3));
#4930=CARTESIAN_POINT('Origin',(-272.5,36.05,34.1));
#4931=CARTESIAN_POINT('',(-269.25,36.05,34.1));
#4932=CARTESIAN_POINT('Origin',(-269.25,35.75,34.1));
#4933=CARTESIAN_POINT('Origin',(-262.,31.,-3.3));
#4934=CARTESIAN_POINT('',(-280.25,37.5,-3.3));
#4935=CARTESIAN_POINT('Origin',(-280.25,38.5,-3.3));
#4936=CARTESIAN_POINT('Origin',(-280.25,38.5,-3.4));
#4937=CARTESIAN_POINT('',(-280.25,37.5,0.25));
#4938=CARTESIAN_POINT('',(-280.25,37.5,-3.4));
#4939=CARTESIAN_POINT('Origin',(-280.25,38.5,0.25));
#4940=CARTESIAN_POINT('Origin',(-262.,31.,0.25));
#4941=CARTESIAN_POINT('Origin',(-262.,31.,0.25));
#4942=CARTESIAN_POINT('Origin',(-262.,31.,-3.3));
#4943=CARTESIAN_POINT('',(-280.25,24.5,-3.3));
#4944=CARTESIAN_POINT('Origin',(-280.25,23.5,-3.3));
#4945=CARTESIAN_POINT('Origin',(-280.25,23.5,-3.4));
#4946=CARTESIAN_POINT('',(-280.25,24.5,0.25));
#4947=CARTESIAN_POINT('',(-280.25,24.5,-3.4));
#4948=CARTESIAN_POINT('Origin',(-280.25,23.5,0.25));
#4949=CARTESIAN_POINT('Origin',(-262.,31.,0.25));
#4950=CARTESIAN_POINT('Origin',(-262.,31.,0.25));
#4951=CARTESIAN_POINT('Origin',(-242.,40.5,-7.7));
#4952=CARTESIAN_POINT('',(-243.,40.5,-8.2));
#4953=CARTESIAN_POINT('Origin',(-243.,40.5,-7.7));
#4954=CARTESIAN_POINT('',(-281.,40.5,-8.2));
#4955=CARTESIAN_POINT('',(-281.,40.5,-8.2));
#4956=CARTESIAN_POINT('Origin',(-281.,40.5,-7.7));
#4957=CARTESIAN_POINT('Ctrl Pts',(-243.,41.,-7.7));
#4958=CARTESIAN_POINT('Ctrl Pts',(-242.,41.,-7.7));
#4959=CARTESIAN_POINT('Ctrl Pts',(-242.,40.,-7.7));
#4960=CARTESIAN_POINT('Ctrl Pts',(-243.,41.,-8.20000000000001));
#4961=CARTESIAN_POINT('Ctrl Pts',(-242.,41.,-8.20000000000001));
#4962=CARTESIAN_POINT('Ctrl Pts',(-242.,40.,-8.20000000000001));
#4963=CARTESIAN_POINT('Ctrl Pts',(-243.,40.5,-8.2));
#4964=CARTESIAN_POINT('Ctrl Pts',(-242.5,40.5,-8.2));
#4965=CARTESIAN_POINT('Ctrl Pts',(-242.5,40.,-8.2));
#4966=CARTESIAN_POINT('',(-242.5,40.,-8.2));
#4967=CARTESIAN_POINT('Origin',(-242.5,40.,-7.7));
#4968=CARTESIAN_POINT('Origin',(-243.,40.,-8.2));
#4969=CARTESIAN_POINT('Ctrl Pts',(-282.,40.,-7.7));
#4970=CARTESIAN_POINT('Ctrl Pts',(-282.,41.,-7.7));
#4971=CARTESIAN_POINT('Ctrl Pts',(-281.,41.,-7.7));
#4972=CARTESIAN_POINT('Ctrl Pts',(-282.,40.,-8.20000000000001));
#4973=CARTESIAN_POINT('Ctrl Pts',(-282.,41.,-8.20000000000001));
#4974=CARTESIAN_POINT('Ctrl Pts',(-281.,41.,-8.20000000000001));
#4975=CARTESIAN_POINT('Ctrl Pts',(-281.5,40.,-8.2));
#4976=CARTESIAN_POINT('Ctrl Pts',(-281.5,40.5,-8.2));
#4977=CARTESIAN_POINT('Ctrl Pts',(-281.,40.5,-8.2));
#4978=CARTESIAN_POINT('',(-281.5,40.,-8.2));
#4979=CARTESIAN_POINT('Origin',(-281.5,40.,-7.7));
#4980=CARTESIAN_POINT('Origin',(-281.,40.,-8.2));
#4981=CARTESIAN_POINT('Origin',(-200.,112.,-5.1));
#4982=CARTESIAN_POINT('',(-252.,33.,-5.1));
#4983=CARTESIAN_POINT('Origin',(-252.,31.,-5.1));
#4984=CARTESIAN_POINT('Origin',(-252.,31.,-8.2));
#4985=CARTESIAN_POINT('',(-250.,31.,-7.59999999999999));
#4986=CARTESIAN_POINT('',(-252.,33.,-7.6));
#4987=CARTESIAN_POINT('Origin',(-252.,31.,-7.6));
#4988=CARTESIAN_POINT('',(-249.4,31.,-8.2));
#4989=CARTESIAN_POINT('',(-249.4,31.,-8.2));
#4990=CARTESIAN_POINT('Origin',(-252.,31.,-8.2));
#4991=CARTESIAN_POINT('Origin',(-252.,31.,-7.6));
#4992=CARTESIAN_POINT('Origin',(-252.,31.,-6.));
#4993=CARTESIAN_POINT('',(-252.,33.,-6.));
#4994=CARTESIAN_POINT('Origin',(-281.5,31.,-7.7));
#4995=CARTESIAN_POINT('',(-281.5,22.,-8.2));
#4996=CARTESIAN_POINT('',(-281.5,40.,-8.2));
#4997=CARTESIAN_POINT('Origin',(-281.5,22.,-7.7));
#4998=CARTESIAN_POINT('Origin',(-242.5,31.,-7.7));
#4999=CARTESIAN_POINT('',(-242.5,22.,-8.2));
#5000=CARTESIAN_POINT('Origin',(-242.5,22.,-7.7));
#5001=CARTESIAN_POINT('',(-242.5,22.,-8.2));
#5002=CARTESIAN_POINT('Origin',(-262.,31.,-8.2));
#5003=CARTESIAN_POINT('',(-281.,21.5,-8.2));
#5004=CARTESIAN_POINT('Origin',(-281.,22.,-8.2));
#5005=CARTESIAN_POINT('',(-243.,21.5,-8.2));
#5006=CARTESIAN_POINT('Origin',(-243.,22.,-8.2));
#5007=CARTESIAN_POINT('',(-281.,21.5,-8.2));
#5008=CARTESIAN_POINT('Origin',(-242.,21.5,-7.7));
#5009=CARTESIAN_POINT('Origin',(-243.,21.5,-7.7));
#5010=CARTESIAN_POINT('Origin',(-281.,21.5,-7.7));
#5011=CARTESIAN_POINT('Ctrl Pts',(-242.,22.,-7.7));
#5012=CARTESIAN_POINT('Ctrl Pts',(-242.,21.,-7.7));
#5013=CARTESIAN_POINT('Ctrl Pts',(-243.,21.,-7.7));
#5014=CARTESIAN_POINT('Ctrl Pts',(-242.,22.,-8.20000000000001));
#5015=CARTESIAN_POINT('Ctrl Pts',(-242.,21.,-8.20000000000001));
#5016=CARTESIAN_POINT('Ctrl Pts',(-243.,21.,-8.20000000000001));
#5017=CARTESIAN_POINT('Ctrl Pts',(-242.5,22.,-8.2));
#5018=CARTESIAN_POINT('Ctrl Pts',(-242.5,21.5,-8.2));
#5019=CARTESIAN_POINT('Ctrl Pts',(-243.,21.5,-8.2));
#5020=CARTESIAN_POINT('Ctrl Pts',(-281.,21.,-7.7));
#5021=CARTESIAN_POINT('Ctrl Pts',(-282.,21.,-7.7));
#5022=CARTESIAN_POINT('Ctrl Pts',(-282.,22.,-7.7));
#5023=CARTESIAN_POINT('Ctrl Pts',(-281.,21.,-8.20000000000001));
#5024=CARTESIAN_POINT('Ctrl Pts',(-282.,21.,-8.20000000000001));
#5025=CARTESIAN_POINT('Ctrl Pts',(-282.,22.,-8.20000000000001));
#5026=CARTESIAN_POINT('Ctrl Pts',(-281.,21.5,-8.2));
#5027=CARTESIAN_POINT('Ctrl Pts',(-281.5,21.5,-8.2));
#5028=CARTESIAN_POINT('Ctrl Pts',(-281.5,22.,-8.2));
#5029=CARTESIAN_POINT('Origin',(-240.,41.,32.6));
#5030=CARTESIAN_POINT('',(-240.,34.6666971500507,0.579654533496966));
#5031=CARTESIAN_POINT('',(-240.,27.3018538743111,0.57965453349697));
#5032=CARTESIAN_POINT('',(-240.,36.,0.57965453349697));
#5033=CARTESIAN_POINT('',(-240.,27.3018538743111,-2.3813569374773));
#5034=CARTESIAN_POINT('',(-240.,27.3018538743111,15.86913123425));
#5035=CARTESIAN_POINT('',(-240.,34.6666971500507,-2.3813569374773));
#5036=CARTESIAN_POINT('',(-240.,36.,-2.3813569374773));
#5037=CARTESIAN_POINT('',(-240.,34.6666971500507,15.86913123425));
#5038=CARTESIAN_POINT('Origin',(-241.985825482599,31.,0.929809145057483));
#5039=CARTESIAN_POINT('',(-241.501996948557,27.0370112873388,0.844497120469285));
#5040=CARTESIAN_POINT('',(-241.505922280984,34.9322318790382,0.845189262484511));
#5041=CARTESIAN_POINT('Origin',(-241.987662708373,26.9513753102769,-0.8617375315));
#5042=CARTESIAN_POINT('',(-241.492232530707,27.0387330176565,-2.64447779413187));
#5043=CARTESIAN_POINT('Origin',(-241.979085443637,31.,-2.73032309831785));
#5044=CARTESIAN_POINT('',(-241.496157863135,34.9305101487205,-2.6451699361471));
#5045=CARTESIAN_POINT('Origin',(-241.990372008162,35.0176534367364,-0.8617375315));
#5046=CARTESIAN_POINT('',(0.,0.,0.));
#5047=CARTESIAN_POINT('Origin',(0.,0.,-2.9));
#5048=CARTESIAN_POINT('',(-2.7,3.30654635769785E-16,-2.9));
#5049=CARTESIAN_POINT('Origin',(0.,0.,-2.9));
#5050=CARTESIAN_POINT('',(-2.7,3.30654635769785E-16,0.700000000000001));
#5051=CARTESIAN_POINT('',(-2.7,-3.30654635769785E-16,-2.9));
#5052=CARTESIAN_POINT('Origin',(0.,0.,0.700000000000001));
#5053=CARTESIAN_POINT('Origin',(0.,0.,0.700000000000001));
#5054=CARTESIAN_POINT('Origin',(0.5,8.8,-1.5));
#5055=CARTESIAN_POINT('',(0.5,8.8,-1.5));
#5056=CARTESIAN_POINT('',(0.5,9.98749217771909,-1.5));
#5057=CARTESIAN_POINT('',(0.5,4.4,-1.5));
#5058=CARTESIAN_POINT('',(0.5,8.8,0.));
#5059=CARTESIAN_POINT('',(0.5,8.8,-1.5));
#5060=CARTESIAN_POINT('',(0.5,9.98749217771909,0.));
#5061=CARTESIAN_POINT('',(0.5,7.,0.));
#5062=CARTESIAN_POINT('',(0.5,9.98749217771909,0.));
#5063=CARTESIAN_POINT('Origin',(-0.5,8.8,-1.5));
#5064=CARTESIAN_POINT('',(-0.5,8.8,-1.5));
#5065=CARTESIAN_POINT('',(-0.25,8.8,-1.5));
#5066=CARTESIAN_POINT('',(-0.5,8.8,0.));
#5067=CARTESIAN_POINT('',(-0.5,8.8,-1.5));
#5068=CARTESIAN_POINT('',(1.83196993031606,8.8,0.));
#5069=CARTESIAN_POINT('Origin',(-0.5,9.98749217771909,-1.5));
#5070=CARTESIAN_POINT('',(-0.5,9.98749217771909,-1.5));
#5071=CARTESIAN_POINT('',(-0.5,4.99374608885954,-1.5));
#5072=CARTESIAN_POINT('',(-0.5,9.98749217771909,0.));
#5073=CARTESIAN_POINT('',(-0.5,9.98749217771909,0.));
#5074=CARTESIAN_POINT('',(-0.5,7.,0.));
#5075=CARTESIAN_POINT('Origin',(5.55111512312578E-16,9.4,0.));
#5076=CARTESIAN_POINT('Origin',(0.,0.,0.));
#5077=CARTESIAN_POINT('Origin',(0.,0.,-1.5));
#5078=CARTESIAN_POINT('',(-10.,-1.22464679914735E-15,-1.5));
#5079=CARTESIAN_POINT('Origin',(0.,0.,-1.5));
#5080=CARTESIAN_POINT('Origin',(0.,0.,-1.5));
#5081=CARTESIAN_POINT('',(-8.5,-1.11022302462516E-15,-1.5));
#5082=CARTESIAN_POINT('Origin',(-7.,-1.55431223447522E-15,-1.5));
#5083=CARTESIAN_POINT('',(5.5,-1.11022302462516E-15,-1.5));
#5084=CARTESIAN_POINT('Origin',(7.,-1.55431223447522E-15,-1.5));
#5085=CARTESIAN_POINT('',(-4.5,0.,-1.5));
#5086=CARTESIAN_POINT('Origin',(0.,0.,-1.5));
#5087=CARTESIAN_POINT('',(-1.5,7.,-1.5));
#5088=CARTESIAN_POINT('Origin',(0.,7.,-1.5));
#5089=CARTESIAN_POINT('',(-1.5,-7.,-1.5));
#5090=CARTESIAN_POINT('Origin',(-8.57252759403147E-16,-7.,-1.5));
#5091=CARTESIAN_POINT('Origin',(-1.73205080756888,1.,5.5));
#5092=CARTESIAN_POINT('',(-1.73205080756888,1.,5.5));
#5093=CARTESIAN_POINT('',(0.,2.,5.5));
#5094=CARTESIAN_POINT('',(-1.29903810567666,1.25,5.5));
#5095=CARTESIAN_POINT('',(-1.73205080756888,1.,3.4));
#5096=CARTESIAN_POINT('',(-1.73205080756888,1.,5.5));
#5097=CARTESIAN_POINT('',(0.,2.,3.4));
#5098=CARTESIAN_POINT('',(0.,2.,3.4));
#5099=CARTESIAN_POINT('',(0.,2.,5.5));
#5100=CARTESIAN_POINT('Origin',(-1.73205080756888,-0.999999999999999,5.5));
#5101=CARTESIAN_POINT('',(-1.73205080756888,-1.,5.5));
#5102=CARTESIAN_POINT('',(-1.73205080756888,-0.5,5.5));
#5103=CARTESIAN_POINT('',(-1.73205080756888,-1.,3.4));
#5104=CARTESIAN_POINT('',(-1.73205080756888,-1.,5.5));
#5105=CARTESIAN_POINT('',(-1.73205080756888,1.,3.4));
#5106=CARTESIAN_POINT('Origin',(-5.55111512312578E-16,-2.,5.5));
#5107=CARTESIAN_POINT('',(-6.93889390390723E-16,-2.,5.5));
#5108=CARTESIAN_POINT('',(-0.43301270189222,-1.75,5.5));
#5109=CARTESIAN_POINT('',(-5.55111512312578E-16,-2.,3.4));
#5110=CARTESIAN_POINT('',(-6.93889390390723E-16,-2.,5.5));
#5111=CARTESIAN_POINT('',(-1.73205080756888,-1.,3.4));
#5112=CARTESIAN_POINT('Origin',(1.73205080756888,-1.,5.5));
#5113=CARTESIAN_POINT('',(1.73205080756888,-1.,5.5));
#5114=CARTESIAN_POINT('',(1.29903810567666,-1.25,5.5));
#5115=CARTESIAN_POINT('',(1.73205080756888,-1.,3.4));
#5116=CARTESIAN_POINT('',(1.73205080756888,-1.,5.5));
#5117=CARTESIAN_POINT('',(-6.93889390390723E-16,-2.,3.4));
#5118=CARTESIAN_POINT('Origin',(1.73205080756888,0.999999999999999,5.5));
#5119=CARTESIAN_POINT('',(1.73205080756888,0.999999999999999,5.5));
#5120=CARTESIAN_POINT('',(1.73205080756888,0.499999999999999,5.5));
#5121=CARTESIAN_POINT('',(1.73205080756888,0.999999999999999,3.4));
#5122=CARTESIAN_POINT('',(1.73205080756888,0.999999999999999,5.5));
#5123=CARTESIAN_POINT('',(1.73205080756888,-1.,3.4));
#5124=CARTESIAN_POINT('Origin',(0.,2.,5.5));
#5125=CARTESIAN_POINT('',(0.43301270189222,1.75,5.5));
#5126=CARTESIAN_POINT('',(1.73205080756888,0.999999999999999,3.4));
#5127=CARTESIAN_POINT('Origin',(2.77555756156289E-16,0.,3.4));
#5128=CARTESIAN_POINT('Origin',(0.,0.,2.5));
#5129=CARTESIAN_POINT('',(2.7,3.30654635769785E-16,5.5));
#5130=CARTESIAN_POINT('Origin',(0.,0.,5.5));
#5131=CARTESIAN_POINT('',(2.7,3.30654635769785E-16,2.5));
#5132=CARTESIAN_POINT('',(2.7,3.30654635769785E-16,2.5));
#5133=CARTESIAN_POINT('Origin',(0.,0.,2.5));
#5134=CARTESIAN_POINT('Origin',(0.,0.,5.5));
#5135=CARTESIAN_POINT('Origin',(0.,0.,0.));
#5136=CARTESIAN_POINT('',(-4.5,5.51091059616309E-16,-2.9));
#5137=CARTESIAN_POINT('Origin',(0.,0.,-2.9));
#5138=CARTESIAN_POINT('',(-4.5,5.51091059616309E-16,0.));
#5139=CARTESIAN_POINT('Origin',(0.,0.,-2.9));
#5140=CARTESIAN_POINT('Origin',(0.,7.,0.));
#5141=CARTESIAN_POINT('',(-1.5,7.,2.5));
#5142=CARTESIAN_POINT('Origin',(0.,7.,2.5));
#5143=CARTESIAN_POINT('',(-1.5,7.,0.));
#5144=CARTESIAN_POINT('Origin',(-8.57252759403147E-16,-7.,0.));
#5145=CARTESIAN_POINT('',(-1.5,-7.,2.5));
#5146=CARTESIAN_POINT('Origin',(-8.57252759403147E-16,-7.,2.5));
#5147=CARTESIAN_POINT('',(-1.5,-7.,0.));
#5148=CARTESIAN_POINT('Origin',(7.,-1.55431223447522E-15,0.));
#5149=CARTESIAN_POINT('',(5.5,-1.73800925434732E-15,2.5));
#5150=CARTESIAN_POINT('Origin',(7.,-1.55431223447522E-15,2.5));
#5151=CARTESIAN_POINT('',(5.5,-1.73800925434732E-15,0.));
#5152=CARTESIAN_POINT('Origin',(-7.,-1.55431223447522E-15,0.));
#5153=CARTESIAN_POINT('',(-8.5,-1.73800925434732E-15,2.5));
#5154=CARTESIAN_POINT('Origin',(-7.,-1.55431223447522E-15,2.5));
#5155=CARTESIAN_POINT('',(-8.5,-1.73800925434732E-15,0.));
#5156=CARTESIAN_POINT('Origin',(0.,0.,0.));
#5157=CARTESIAN_POINT('',(-10.,-1.22464679914735E-15,2.5));
#5158=CARTESIAN_POINT('Origin',(0.,0.,2.5));
#5159=CARTESIAN_POINT('',(-10.,-1.22464679914735E-15,0.));
#5160=CARTESIAN_POINT('Origin',(0.,0.,2.5));
#5161=CARTESIAN_POINT('',(-252.,31.,-11.1));
#5162=CARTESIAN_POINT('',(0.,0.,0.));
#5163=CARTESIAN_POINT('',(-252.,31.,37.7));
#5164=UNCERTAINTY_MEASURE_WITH_UNIT(LENGTH_MEASURE(0.01),#5174,
'DISTANCE_ACCURACY_VALUE',
'Maximum model space distance between geometric entities at asserted c
onnectivities');
#5165=UNCERTAINTY_MEASURE_WITH_UNIT(LENGTH_MEASURE(0.01),#5174,
'DISTANCE_ACCURACY_VALUE',
'Maximum model space distance between geometric entities at asserted c
onnectivities');
#5166=UNCERTAINTY_MEASURE_WITH_UNIT(LENGTH_MEASURE(0.01),#5174,
'DISTANCE_ACCURACY_VALUE',
'Maximum model space distance between geometric entities at asserted c
onnectivities');
#5167=UNCERTAINTY_MEASURE_WITH_UNIT(LENGTH_MEASURE(0.01),#5174,
'DISTANCE_ACCURACY_VALUE',
'Maximum model space distance between geometric entities at asserted c
onnectivities');
#5168=UNCERTAINTY_MEASURE_WITH_UNIT(LENGTH_MEASURE(0.01),#5174,
'DISTANCE_ACCURACY_VALUE',
'Maximum model space distance between geometric entities at asserted c
onnectivities');
#5169=(
GEOMETRIC_REPRESENTATION_CONTEXT(3)
GLOBAL_UNCERTAINTY_ASSIGNED_CONTEXT((#5164))
GLOBAL_UNIT_ASSIGNED_CONTEXT((#5174,#5176,#5177))
REPRESENTATION_CONTEXT('','3D')
);
#5170=(
GEOMETRIC_REPRESENTATION_CONTEXT(3)
GLOBAL_UNCERTAINTY_ASSIGNED_CONTEXT((#5165))
GLOBAL_UNIT_ASSIGNED_CONTEXT((#5174,#5176,#5177))
REPRESENTATION_CONTEXT('','3D')
);
#5171=(
GEOMETRIC_REPRESENTATION_CONTEXT(3)
GLOBAL_UNCERTAINTY_ASSIGNED_CONTEXT((#5166))
GLOBAL_UNIT_ASSIGNED_CONTEXT((#5174,#5176,#5177))
REPRESENTATION_CONTEXT('','3D')
);
#5172=(
GEOMETRIC_REPRESENTATION_CONTEXT(3)
GLOBAL_UNCERTAINTY_ASSIGNED_CONTEXT((#5167))
GLOBAL_UNIT_ASSIGNED_CONTEXT((#5174,#5176,#5177))
REPRESENTATION_CONTEXT('','3D')
);
#5173=(
GEOMETRIC_REPRESENTATION_CONTEXT(3)
GLOBAL_UNCERTAINTY_ASSIGNED_CONTEXT((#5168))
GLOBAL_UNIT_ASSIGNED_CONTEXT((#5174,#5176,#5177))
REPRESENTATION_CONTEXT('','3D')
);
#5174=(
LENGTH_UNIT()
NAMED_UNIT(*)
SI_UNIT(.MILLI.,.METRE.)
);
#5175=(
LENGTH_UNIT()
NAMED_UNIT(*)
SI_UNIT($,.METRE.)
);
#5176=(
NAMED_UNIT(*)
PLANE_ANGLE_UNIT()
SI_UNIT($,.RADIAN.)
);
#5177=(
NAMED_UNIT(*)
SI_UNIT($,.STERADIAN.)
SOLID_ANGLE_UNIT()
);
#5178=SHAPE_DEFINITION_REPRESENTATION(#5182,#5189);
#5179=SHAPE_DEFINITION_REPRESENTATION(#5183,#5190);
#5180=SHAPE_DEFINITION_REPRESENTATION(#5184,#5191);
#5181=SHAPE_DEFINITION_REPRESENTATION(#5185,#5192);
#5182=PRODUCT_DEFINITION_SHAPE('',$,#5194);
#5183=PRODUCT_DEFINITION_SHAPE('',$,#5195);
#5184=PRODUCT_DEFINITION_SHAPE('',$,#5196);
#5185=PRODUCT_DEFINITION_SHAPE('',$,#5197);
#5186=PRODUCT_DEFINITION_SHAPE($,$,#20);
#5187=PRODUCT_DEFINITION_SHAPE($,$,#21);
#5188=PRODUCT_DEFINITION_SHAPE($,$,#22);
#5189=SHAPE_REPRESENTATION('',(#2596,#2893,#2894,#2895),#5169);
#5190=SHAPE_REPRESENTATION('',(#2597),#5170);
#5191=SHAPE_REPRESENTATION('',(#2630),#5171);
#5192=SHAPE_REPRESENTATION('',(#2850),#5172);
#5193=PRODUCT_DEFINITION_CONTEXT('part definition',#5207,'design');
#5194=PRODUCT_DEFINITION('2026-08-23-23-44-50-205',
'BSV-011 \X2\C5B4C148BE14B9AC\X0\',#5198,#5193);
#5195=PRODUCT_DEFINITION('2026-08-23-23-36-32-639','B-horn',#5199,#5193);
#5196=PRODUCT_DEFINITION('2026-08-23-14-34-41-208','BSV-011 \X2\BC14B514\X0\',
#5200,#5193);
#5197=PRODUCT_DEFINITION('2026-08-23-23-36-32-639_1','F-horn',#5201,#5193);
#5198=PRODUCT_DEFINITION_FORMATION('',$,#5209);
#5199=PRODUCT_DEFINITION_FORMATION('',$,#5210);
#5200=PRODUCT_DEFINITION_FORMATION('',$,#5211);
#5201=PRODUCT_DEFINITION_FORMATION('',$,#5212);
#5202=PRODUCT_RELATED_PRODUCT_CATEGORY('BSV-011 \X2\C5B4C148BE14B9AC\X0\',
'BSV-011 \X2\C5B4C148BE14B9AC\X0\',(#5209));
#5203=PRODUCT_RELATED_PRODUCT_CATEGORY('B-horn','B-horn',(#5210));
#5204=PRODUCT_RELATED_PRODUCT_CATEGORY('BSV-011 \X2\BC14B514\X0\',
'BSV-011 \X2\BC14B514\X0\',(#5211));
#5205=PRODUCT_RELATED_PRODUCT_CATEGORY('F-horn','F-horn',(#5212));
#5206=APPLICATION_PROTOCOL_DEFINITION('international standard',
'automotive_design',2009,#5207);
#5207=APPLICATION_CONTEXT(
'Core Data for Automotive Mechanical Design Process');
#5208=PRODUCT_CONTEXT('part definition',#5207,'mechanical');
#5209=PRODUCT('2026-08-23-23-44-50-205','BSV-011 \X2\C5B4C148BE14B9AC\X0\',
$,(#5208));
#5210=PRODUCT('2026-08-23-23-36-32-639','B-horn',$,(#5208));
#5211=PRODUCT('2026-08-23-14-34-41-208','BSV-011 \X2\BC14B514\X0\',
'HOOPS Exchange Step',(#5208));
#5212=PRODUCT('2026-08-23-23-36-32-639_1','F-horn',$,(#5208));
#5213=PRESENTATION_STYLE_ASSIGNMENT((#5217));
#5214=PRESENTATION_STYLE_ASSIGNMENT((#5218));
#5215=PRESENTATION_STYLE_ASSIGNMENT((#5219));
#5216=PRESENTATION_STYLE_ASSIGNMENT((#5220));
#5217=SURFACE_STYLE_USAGE(.BOTH.,#5221);
#5218=SURFACE_STYLE_USAGE(.BOTH.,#5222);
#5219=SURFACE_STYLE_USAGE(.BOTH.,#5223);
#5220=SURFACE_STYLE_USAGE(.BOTH.,#5224);
#5221=SURFACE_SIDE_STYLE('',(#5225));
#5222=SURFACE_SIDE_STYLE('',(#5226));
#5223=SURFACE_SIDE_STYLE('',(#5227));
#5224=SURFACE_SIDE_STYLE('',(#5228));
#5225=SURFACE_STYLE_FILL_AREA(#5229);
#5226=SURFACE_STYLE_FILL_AREA(#5230);
#5227=SURFACE_STYLE_FILL_AREA(#5231);
#5228=SURFACE_STYLE_FILL_AREA(#5232);
#5229=FILL_AREA_STYLE('\X2\AC15CCA0\X0\ - \X2\C0C8D2F4\X0\',(#5233));
#5230=FILL_AREA_STYLE(
'\X2\B098C77CB860\X0\ 12(Formlabs Fuse 1 3D \X2\D504B9B0D130\X0\ \X2\D3ECD568\X0\)',
(#5234));
#5231=FILL_AREA_STYLE('ABS(\X2\D770C0C9\X0\)',(#5235));
#5232=FILL_AREA_STYLE('Opaque(53,53,53)',(#5236));
#5233=FILL_AREA_STYLE_COLOUR('\X2\AC15CCA0\X0\ - \X2\C0C8D2F4\X0\',#5237);
#5234=FILL_AREA_STYLE_COLOUR(
'\X2\B098C77CB860\X0\ 12(Formlabs Fuse 1 3D \X2\D504B9B0D130\X0\ \X2\D3ECD568\X0\)',
#5238);
#5235=FILL_AREA_STYLE_COLOUR('ABS(\X2\D770C0C9\X0\)',#5239);
#5236=FILL_AREA_STYLE_COLOUR('Opaque(53,53,53)',#5240);
#5237=COLOUR_RGB('\X2\AC15CCA0\X0\ - \X2\C0C8D2F4\X0\',0.627450980392157,
0.627450980392157,0.627450980392157);
#5238=COLOUR_RGB('\X2\B098C77CB860\X0\ 12(Formlabs Fuse 1 3D \X2\D504B9B0D130\X0\ 
\X2\D3ECD568\X0\)',0.247058823529412,0.247058823529412,0.247058823529412);
#5239=COLOUR_RGB('ABS(\X2\D770C0C9\X0\)',0.964705882352941,0.964705882352941,
0.952941176470588);
#5240=COLOUR_RGB('Opaque(53,53,53)',0.207843137254902,0.207843137254902,
0.207843137254902);
ENDSEC;
END-ISO-10303-21;
